country_code,country,rank,role,candidate,routing_preference,selection_mode,source,source_url,notes
"AF","Afghanistan","1","national_backbone","Afghanistan — National backbone / primary ISP anchor","5","role-anchor","PeeringDB / RIR country resources; resolve current network/IXP identity at deployment time","https://www.peeringdb.org/","Preference tier, not a performance or safety guarantee."
"AF","Afghanistan","2","national_ixp","Afghanistan — National or primary Internet Exchange anchor","5","role-anchor","PeeringDB / RIR country resources; resolve current network/IXP identity at deployment time","https://www.peeringdb.org/","Preference tier, not a performance or safety guarantee."
"AF","Afghanistan","3","regional_carrier","Afghanistan — Regional carrier / upstream ISP anchor","4","role-anchor","PeeringDB / RIR country resources; resolve current network/IXP identity at deployment time","https://www.peeringdb.org/","Preference tier, not a performance or safety guarantee."
"AF","Afghanistan","4","international_dc","Afghanistan — International carrier / data-center interconnect anchor","4","role-anchor","PeeringDB / RIR country resources; resolve current network/IXP identity at deployment time","https://www.peeringdb.org/","Preference tier, not a performance or safety guarantee."
"AL","Albania","1","national_backbone","Albania — National backbone / primary ISP anchor","5","role-anchor","PeeringDB / RIR country resources; resolve current network/IXP identity at deployment time","https://www.peeringdb.org/","Preference tier, not a performance or safety guarantee."
"AL","Albania","2","national_ixp","Albania — National or primary Internet Exchange anchor","5","role-anchor","PeeringDB / RIR country resources; resolve current network/IXP identity at deployment time","https://www.peeringdb.org/","Preference tier, not a performance or safety guarantee."
"AL","Albania","3","regional_carrier","Albania — Regional carrier / upstream ISP anchor","4","role-anchor","PeeringDB / RIR country resources; resolve current network/IXP identity at deployment time","https://www.peeringdb.org/","Preference tier, not a performance or safety guarantee."
"AL","Albania","4","international_dc","Albania — International carrier / data-center interconnect anchor","4","role-anchor","PeeringDB / RIR country resources; resolve current network/IXP identity at deployment time","https://www.peeringdb.org/","Preference tier, not a performance or safety guarantee."
"DZ","Algeria","1","national_backbone","Algeria — National backbone / primary ISP anchor","5","role-anchor","PeeringDB / RIR country resources; resolve current network/IXP identity at deployment time","https://www.peeringdb.org/","Preference tier, not a performance or safety guarantee."
"DZ","Algeria","2","national_ixp","Algeria — National or primary Internet Exchange anchor","5","role-anchor","PeeringDB / RIR country resources; resolve current network/IXP identity at deployment time","https://www.peeringdb.org/","Preference tier, not a performance or safety guarantee."
"DZ","Algeria","3","regional_carrier","Algeria — Regional carrier / upstream ISP anchor","4","role-anchor","PeeringDB / RIR country resources; resolve current network/IXP identity at deployment time","https://www.peeringdb.org/","Preference tier, not a performance or safety guarantee."
"DZ","Algeria","4","international_dc","Algeria — International carrier / data-center interconnect anchor","4","role-anchor","PeeringDB / RIR country resources; resolve current network/IXP identity at deployment time","https://www.peeringdb.org/","Preference tier, not a performance or safety guarantee."
"AS","American Samoa","1","national_backbone","American Samoa — National backbone / primary ISP anchor","5","role-anchor","PeeringDB / RIR country resources; resolve current network/IXP identity at deployment time","https://www.peeringdb.org/","Preference tier, not a performance or safety guarantee."
"AS","American Samoa","2","national_ixp","American Samoa — National or primary Internet Exchange anchor","5","role-anchor","PeeringDB / RIR country resources; resolve current network/IXP identity at deployment time","https://www.peeringdb.org/","Preference tier, not a performance or safety guarantee."
"AS","American Samoa","3","regional_carrier","American Samoa — Regional carrier / upstream ISP anchor","4","role-anchor","PeeringDB / RIR country resources; resolve current network/IXP identity at deployment time","https://www.peeringdb.org/","Preference tier, not a performance or safety guarantee."
"AS","American Samoa","4","international_dc","American Samoa — International carrier / data-center interconnect anchor","4","role-anchor","PeeringDB / RIR country resources; resolve current network/IXP identity at deployment time","https://www.peeringdb.org/","Preference tier, not a performance or safety guarantee."
"AD","Andorra","1","national_backbone","Andorra — National backbone / primary ISP anchor","5","role-anchor","PeeringDB / RIR country resources; resolve current network/IXP identity at deployment time","https://www.peeringdb.org/","Preference tier, not a performance or safety guarantee."
"AD","Andorra","2","national_ixp","Andorra — National or primary Internet Exchange anchor","5","role-anchor","PeeringDB / RIR country resources; resolve current network/IXP identity at deployment time","https://www.peeringdb.org/","Preference tier, not a performance or safety guarantee."
"AD","Andorra","3","regional_carrier","Andorra — Regional carrier / upstream ISP anchor","4","role-anchor","PeeringDB / RIR country resources; resolve current network/IXP identity at deployment time","https://www.peeringdb.org/","Preference tier, not a performance or safety guarantee."
"AD","Andorra","4","international_dc","Andorra — International carrier / data-center interconnect anchor","4","role-anchor","PeeringDB / RIR country resources; resolve current network/IXP identity at deployment time","https://www.peeringdb.org/","Preference tier, not a performance or safety guarantee."
"AO","Angola","1","national_backbone","Angola — National backbone / primary ISP anchor","5","role-anchor","PeeringDB / RIR country resources; resolve current network/IXP identity at deployment time","https://www.peeringdb.org/","Preference tier, not a performance or safety guarantee."
"AO","Angola","2","national_ixp","Angola — National or primary Internet Exchange anchor","5","role-anchor","PeeringDB / RIR country resources; resolve current network/IXP identity at deployment time","https://www.peeringdb.org/","Preference tier, not a performance or safety guarantee."
"AO","Angola","3","regional_carrier","Angola — Regional carrier / upstream ISP anchor","4","role-anchor","PeeringDB / RIR country resources; resolve current network/IXP identity at deployment time","https://www.peeringdb.org/","Preference tier, not a performance or safety guarantee."
"AO","Angola","4","international_dc","Angola — International carrier / data-center interconnect anchor","4","role-anchor","PeeringDB / RIR country resources; resolve current network/IXP identity at deployment time","https://www.peeringdb.org/","Preference tier, not a performance or safety guarantee."
"AI","Anguilla","1","national_backbone","Anguilla — National backbone / primary ISP anchor","5","role-anchor","PeeringDB / RIR country resources; resolve current network/IXP identity at deployment time","https://www.peeringdb.org/","Preference tier, not a performance or safety guarantee."
"AI","Anguilla","2","national_ixp","Anguilla — National or primary Internet Exchange anchor","5","role-anchor","PeeringDB / RIR country resources; resolve current network/IXP identity at deployment time","https://www.peeringdb.org/","Preference tier, not a performance or safety guarantee."
"AI","Anguilla","3","regional_carrier","Anguilla — Regional carrier / upstream ISP anchor","4","role-anchor","PeeringDB / RIR country resources; resolve current network/IXP identity at deployment time","https://www.peeringdb.org/","Preference tier, not a performance or safety guarantee."
"AI","Anguilla","4","international_dc","Anguilla — International carrier / data-center interconnect anchor","4","role-anchor","PeeringDB / RIR country resources; resolve current network/IXP identity at deployment time","https://www.peeringdb.org/","Preference tier, not a performance or safety guarantee."
"AQ","Antarctica","1","national_backbone","Antarctica — National backbone / primary ISP anchor","5","role-anchor","PeeringDB / RIR country resources; resolve current network/IXP identity at deployment time","https://www.peeringdb.org/","Preference tier, not a performance or safety guarantee."
"AQ","Antarctica","2","national_ixp","Antarctica — National or primary Internet Exchange anchor","5","role-anchor","PeeringDB / RIR country resources; resolve current network/IXP identity at deployment time","https://www.peeringdb.org/","Preference tier, not a performance or safety guarantee."
"AQ","Antarctica","3","regional_carrier","Antarctica — Regional carrier / upstream ISP anchor","4","role-anchor","PeeringDB / RIR country resources; resolve current network/IXP identity at deployment time","https://www.peeringdb.org/","Preference tier, not a performance or safety guarantee."
"AQ","Antarctica","4","international_dc","Antarctica — International carrier / data-center interconnect anchor","4","role-anchor","PeeringDB / RIR country resources; resolve current network/IXP identity at deployment time","https://www.peeringdb.org/","Preference tier, not a performance or safety guarantee."
"AG","Antigua and Barbuda","1","national_backbone","Antigua and Barbuda — National backbone / primary ISP anchor","5","role-anchor","PeeringDB / RIR country resources; resolve current network/IXP identity at deployment time","https://www.peeringdb.org/","Preference tier, not a performance or safety guarantee."
"AG","Antigua and Barbuda","2","national_ixp","Antigua and Barbuda — National or primary Internet Exchange anchor","5","role-anchor","PeeringDB / RIR country resources; resolve current network/IXP identity at deployment time","https://www.peeringdb.org/","Preference tier, not a performance or safety guarantee."
"AG","Antigua and Barbuda","3","regional_carrier","Antigua and Barbuda — Regional carrier / upstream ISP anchor","4","role-anchor","PeeringDB / RIR country resources; resolve current network/IXP identity at deployment time","https://www.peeringdb.org/","Preference tier, not a performance or safety guarantee."
"AG","Antigua and Barbuda","4","international_dc","Antigua and Barbuda — International carrier / data-center interconnect anchor","4","role-anchor","PeeringDB / RIR country resources; resolve current network/IXP identity at deployment time","https://www.peeringdb.org/","Preference tier, not a performance or safety guarantee."
"AR","Argentina","1","national_backbone","Argentina — National backbone / primary ISP anchor","5","role-anchor","PeeringDB / RIR country resources; resolve current network/IXP identity at deployment time","https://www.peeringdb.org/","Preference tier, not a performance or safety guarantee."
"AR","Argentina","2","national_ixp","Argentina — National or primary Internet Exchange anchor","5","role-anchor","PeeringDB / RIR country resources; resolve current network/IXP identity at deployment time","https://www.peeringdb.org/","Preference tier, not a performance or safety guarantee."
"AR","Argentina","3","regional_carrier","Argentina — Regional carrier / upstream ISP anchor","4","role-anchor","PeeringDB / RIR country resources; resolve current network/IXP identity at deployment time","https://www.peeringdb.org/","Preference tier, not a performance or safety guarantee."
"AR","Argentina","4","international_dc","Argentina — International carrier / data-center interconnect anchor","4","role-anchor","PeeringDB / RIR country resources; resolve current network/IXP identity at deployment time","https://www.peeringdb.org/","Preference tier, not a performance or safety guarantee."
"AM","Armenia","1","national_backbone","Armenia — National backbone / primary ISP anchor","5","role-anchor","PeeringDB / RIR country resources; resolve current network/IXP identity at deployment time","https://www.peeringdb.org/","Preference tier, not a performance or safety guarantee."
"AM","Armenia","2","national_ixp","Armenia — National or primary Internet Exchange anchor","5","role-anchor","PeeringDB / RIR country resources; resolve current network/IXP identity at deployment time","https://www.peeringdb.org/","Preference tier, not a performance or safety guarantee."
"AM","Armenia","3","regional_carrier","Armenia — Regional carrier / upstream ISP anchor","4","role-anchor","PeeringDB / RIR country resources; resolve current network/IXP identity at deployment time","https://www.peeringdb.org/","Preference tier, not a performance or safety guarantee."
"AM","Armenia","4","international_dc","Armenia — International carrier / data-center interconnect anchor","4","role-anchor","PeeringDB / RIR country resources; resolve current network/IXP identity at deployment time","https://www.peeringdb.org/","Preference tier, not a performance or safety guarantee."
"AW","Aruba","1","national_backbone","Aruba — National backbone / primary ISP anchor","5","role-anchor","PeeringDB / RIR country resources; resolve current network/IXP identity at deployment time","https://www.peeringdb.org/","Preference tier, not a performance or safety guarantee."
"AW","Aruba","2","national_ixp","Aruba — National or primary Internet Exchange anchor","5","role-anchor","PeeringDB / RIR country resources; resolve current network/IXP identity at deployment time","https://www.peeringdb.org/","Preference tier, not a performance or safety guarantee."
"AW","Aruba","3","regional_carrier","Aruba — Regional carrier / upstream ISP anchor","4","role-anchor","PeeringDB / RIR country resources; resolve current network/IXP identity at deployment time","https://www.peeringdb.org/","Preference tier, not a performance or safety guarantee."
"AW","Aruba","4","international_dc","Aruba — International carrier / data-center interconnect anchor","4","role-anchor","PeeringDB / RIR country resources; resolve current network/IXP identity at deployment time","https://www.peeringdb.org/","Preference tier, not a performance or safety guarantee."
"AU","Australia","1","national_backbone","Australia — National backbone / primary ISP anchor","5","role-anchor","PeeringDB / RIR country resources; resolve current network/IXP identity at deployment time","https://www.peeringdb.org/","Preference tier, not a performance or safety guarantee."
"AU","Australia","2","national_ixp","Australia — National or primary Internet Exchange anchor","5","role-anchor","PeeringDB / RIR country resources; resolve current network/IXP identity at deployment time","https://www.peeringdb.org/","Preference tier, not a performance or safety guarantee."
"AU","Australia","3","regional_carrier","Australia — Regional carrier / upstream ISP anchor","4","role-anchor","PeeringDB / RIR country resources; resolve current network/IXP identity at deployment time","https://www.peeringdb.org/","Preference tier, not a performance or safety guarantee."
"AU","Australia","4","international_dc","Australia — International carrier / data-center interconnect anchor","4","role-anchor","PeeringDB / RIR country resources; resolve current network/IXP identity at deployment time","https://www.peeringdb.org/","Preference tier, not a performance or safety guarantee."
"AT","Austria","1","national_backbone","Austria — National backbone / primary ISP anchor","5","role-anchor","PeeringDB / RIR country resources; resolve current network/IXP identity at deployment time","https://www.peeringdb.org/","Preference tier, not a performance or safety guarantee."
"AT","Austria","2","national_ixp","Austria — National or primary Internet Exchange anchor","5","role-anchor","PeeringDB / RIR country resources; resolve current network/IXP identity at deployment time","https://www.peeringdb.org/","Preference tier, not a performance or safety guarantee."
"AT","Austria","3","regional_carrier","Austria — Regional carrier / upstream ISP anchor","4","role-anchor","PeeringDB / RIR country resources; resolve current network/IXP identity at deployment time","https://www.peeringdb.org/","Preference tier, not a performance or safety guarantee."
"AT","Austria","4","international_dc","Austria — International carrier / data-center interconnect anchor","4","role-anchor","PeeringDB / RIR country resources; resolve current network/IXP identity at deployment time","https://www.peeringdb.org/","Preference tier, not a performance or safety guarantee."
"AZ","Azerbaijan","1","national_backbone","Azerbaijan — National backbone / primary ISP anchor","5","role-anchor","PeeringDB / RIR country resources; resolve current network/IXP identity at deployment time","https://www.peeringdb.org/","Preference tier, not a performance or safety guarantee."
"AZ","Azerbaijan","2","national_ixp","Azerbaijan — National or primary Internet Exchange anchor","5","role-anchor","PeeringDB / RIR country resources; resolve current network/IXP identity at deployment time","https://www.peeringdb.org/","Preference tier, not a performance or safety guarantee."
"AZ","Azerbaijan","3","regional_carrier","Azerbaijan — Regional carrier / upstream ISP anchor","4","role-anchor","PeeringDB / RIR country resources; resolve current network/IXP identity at deployment time","https://www.peeringdb.org/","Preference tier, not a performance or safety guarantee."
"AZ","Azerbaijan","4","international_dc","Azerbaijan — International carrier / data-center interconnect anchor","4","role-anchor","PeeringDB / RIR country resources; resolve current network/IXP identity at deployment time","https://www.peeringdb.org/","Preference tier, not a performance or safety guarantee."
"BS","Bahamas","1","national_backbone","Bahamas — National backbone / primary ISP anchor","5","role-anchor","PeeringDB / RIR country resources; resolve current network/IXP identity at deployment time","https://www.peeringdb.org/","Preference tier, not a performance or safety guarantee."
"BS","Bahamas","2","national_ixp","Bahamas — National or primary Internet Exchange anchor","5","role-anchor","PeeringDB / RIR country resources; resolve current network/IXP identity at deployment time","https://www.peeringdb.org/","Preference tier, not a performance or safety guarantee."
"BS","Bahamas","3","regional_carrier","Bahamas — Regional carrier / upstream ISP anchor","4","role-anchor","PeeringDB / RIR country resources; resolve current network/IXP identity at deployment time","https://www.peeringdb.org/","Preference tier, not a performance or safety guarantee."
"BS","Bahamas","4","international_dc","Bahamas — International carrier / data-center interconnect anchor","4","role-anchor","PeeringDB / RIR country resources; resolve current network/IXP identity at deployment time","https://www.peeringdb.org/","Preference tier, not a performance or safety guarantee."
"BH","Bahrain","1","national_backbone","Bahrain — National backbone / primary ISP anchor","5","role-anchor","PeeringDB / RIR country resources; resolve current network/IXP identity at deployment time","https://www.peeringdb.org/","Preference tier, not a performance or safety guarantee."
"BH","Bahrain","2","national_ixp","Bahrain — National or primary Internet Exchange anchor","5","role-anchor","PeeringDB / RIR country resources; resolve current network/IXP identity at deployment time","https://www.peeringdb.org/","Preference tier, not a performance or safety guarantee."
"BH","Bahrain","3","regional_carrier","Bahrain — Regional carrier / upstream ISP anchor","4","role-anchor","PeeringDB / RIR country resources; resolve current network/IXP identity at deployment time","https://www.peeringdb.org/","Preference tier, not a performance or safety guarantee."
"BH","Bahrain","4","international_dc","Bahrain — International carrier / data-center interconnect anchor","4","role-anchor","PeeringDB / RIR country resources; resolve current network/IXP identity at deployment time","https://www.peeringdb.org/","Preference tier, not a performance or safety guarantee."
"BD","Bangladesh","1","national_backbone","Bangladesh — National backbone / primary ISP anchor","5","role-anchor","PeeringDB / RIR country resources; resolve current network/IXP identity at deployment time","https://www.peeringdb.org/","Preference tier, not a performance or safety guarantee."
"BD","Bangladesh","2","national_ixp","Bangladesh — National or primary Internet Exchange anchor","5","role-anchor","PeeringDB / RIR country resources; resolve current network/IXP identity at deployment time","https://www.peeringdb.org/","Preference tier, not a performance or safety guarantee."
"BD","Bangladesh","3","regional_carrier","Bangladesh — Regional carrier / upstream ISP anchor","4","role-anchor","PeeringDB / RIR country resources; resolve current network/IXP identity at deployment time","https://www.peeringdb.org/","Preference tier, not a performance or safety guarantee."
"BD","Bangladesh","4","international_dc","Bangladesh — International carrier / data-center interconnect anchor","4","role-anchor","PeeringDB / RIR country resources; resolve current network/IXP identity at deployment time","https://www.peeringdb.org/","Preference tier, not a performance or safety guarantee."
"BB","Barbados","1","national_backbone","Barbados — National backbone / primary ISP anchor","5","role-anchor","PeeringDB / RIR country resources; resolve current network/IXP identity at deployment time","https://www.peeringdb.org/","Preference tier, not a performance or safety guarantee."
"BB","Barbados","2","national_ixp","Barbados — National or primary Internet Exchange anchor","5","role-anchor","PeeringDB / RIR country resources; resolve current network/IXP identity at deployment time","https://www.peeringdb.org/","Preference tier, not a performance or safety guarantee."
"BB","Barbados","3","regional_carrier","Barbados — Regional carrier / upstream ISP anchor","4","role-anchor","PeeringDB / RIR country resources; resolve current network/IXP identity at deployment time","https://www.peeringdb.org/","Preference tier, not a performance or safety guarantee."
"BB","Barbados","4","international_dc","Barbados — International carrier / data-center interconnect anchor","4","role-anchor","PeeringDB / RIR country resources; resolve current network/IXP identity at deployment time","https://www.peeringdb.org/","Preference tier, not a performance or safety guarantee."
"BY","Belarus","1","national_backbone","Belarus — National backbone / primary ISP anchor","5","role-anchor","PeeringDB / RIR country resources; resolve current network/IXP identity at deployment time","https://www.peeringdb.org/","Preference tier, not a performance or safety guarantee."
"BY","Belarus","2","national_ixp","Belarus — National or primary Internet Exchange anchor","5","role-anchor","PeeringDB / RIR country resources; resolve current network/IXP identity at deployment time","https://www.peeringdb.org/","Preference tier, not a performance or safety guarantee."
"BY","Belarus","3","regional_carrier","Belarus — Regional carrier / upstream ISP anchor","4","role-anchor","PeeringDB / RIR country resources; resolve current network/IXP identity at deployment time","https://www.peeringdb.org/","Preference tier, not a performance or safety guarantee."
"BY","Belarus","4","international_dc","Belarus — International carrier / data-center interconnect anchor","4","role-anchor","PeeringDB / RIR country resources; resolve current network/IXP identity at deployment time","https://www.peeringdb.org/","Preference tier, not a performance or safety guarantee."
"BE","Belgium","1","national_backbone","Belgium — National backbone / primary ISP anchor","5","role-anchor","PeeringDB / RIR country resources; resolve current network/IXP identity at deployment time","https://www.peeringdb.org/","Preference tier, not a performance or safety guarantee."
"BE","Belgium","2","national_ixp","Belgium — National or primary Internet Exchange anchor","5","role-anchor","PeeringDB / RIR country resources; resolve current network/IXP identity at deployment time","https://www.peeringdb.org/","Preference tier, not a performance or safety guarantee."
"BE","Belgium","3","regional_carrier","Belgium — Regional carrier / upstream ISP anchor","4","role-anchor","PeeringDB / RIR country resources; resolve current network/IXP identity at deployment time","https://www.peeringdb.org/","Preference tier, not a performance or safety guarantee."
"BE","Belgium","4","international_dc","Belgium — International carrier / data-center interconnect anchor","4","role-anchor","PeeringDB / RIR country resources; resolve current network/IXP identity at deployment time","https://www.peeringdb.org/","Preference tier, not a performance or safety guarantee."
"BZ","Belize","1","national_backbone","Belize — National backbone / primary ISP anchor","5","role-anchor","PeeringDB / RIR country resources; resolve current network/IXP identity at deployment time","https://www.peeringdb.org/","Preference tier, not a performance or safety guarantee."
"BZ","Belize","2","national_ixp","Belize — National or primary Internet Exchange anchor","5","role-anchor","PeeringDB / RIR country resources; resolve current network/IXP identity at deployment time","https://www.peeringdb.org/","Preference tier, not a performance or safety guarantee."
"BZ","Belize","3","regional_carrier","Belize — Regional carrier / upstream ISP anchor","4","role-anchor","PeeringDB / RIR country resources; resolve current network/IXP identity at deployment time","https://www.peeringdb.org/","Preference tier, not a performance or safety guarantee."
"BZ","Belize","4","international_dc","Belize — International carrier / data-center interconnect anchor","4","role-anchor","PeeringDB / RIR country resources; resolve current network/IXP identity at deployment time","https://www.peeringdb.org/","Preference tier, not a performance or safety guarantee."
"BJ","Benin","1","national_backbone","Benin — National backbone / primary ISP anchor","5","role-anchor","PeeringDB / RIR country resources; resolve current network/IXP identity at deployment time","https://www.peeringdb.org/","Preference tier, not a performance or safety guarantee."
"BJ","Benin","2","national_ixp","Benin — National or primary Internet Exchange anchor","5","role-anchor","PeeringDB / RIR country resources; resolve current network/IXP identity at deployment time","https://www.peeringdb.org/","Preference tier, not a performance or safety guarantee."
"BJ","Benin","3","regional_carrier","Benin — Regional carrier / upstream ISP anchor","4","role-anchor","PeeringDB / RIR country resources; resolve current network/IXP identity at deployment time","https://www.peeringdb.org/","Preference tier, not a performance or safety guarantee."
"BJ","Benin","4","international_dc","Benin — International carrier / data-center interconnect anchor","4","role-anchor","PeeringDB / RIR country resources; resolve current network/IXP identity at deployment time","https://www.peeringdb.org/","Preference tier, not a performance or safety guarantee."
"BM","Bermuda","1","national_backbone","Bermuda — National backbone / primary ISP anchor","5","role-anchor","PeeringDB / RIR country resources; resolve current network/IXP identity at deployment time","https://www.peeringdb.org/","Preference tier, not a performance or safety guarantee."
"BM","Bermuda","2","national_ixp","Bermuda — National or primary Internet Exchange anchor","5","role-anchor","PeeringDB / RIR country resources; resolve current network/IXP identity at deployment time","https://www.peeringdb.org/","Preference tier, not a performance or safety guarantee."
"BM","Bermuda","3","regional_carrier","Bermuda — Regional carrier / upstream ISP anchor","4","role-anchor","PeeringDB / RIR country resources; resolve current network/IXP identity at deployment time","https://www.peeringdb.org/","Preference tier, not a performance or safety guarantee."
"BM","Bermuda","4","international_dc","Bermuda — International carrier / data-center interconnect anchor","4","role-anchor","PeeringDB / RIR country resources; resolve current network/IXP identity at deployment time","https://www.peeringdb.org/","Preference tier, not a performance or safety guarantee."
"BT","Bhutan","1","national_backbone","Bhutan — National backbone / primary ISP anchor","5","role-anchor","PeeringDB / RIR country resources; resolve current network/IXP identity at deployment time","https://www.peeringdb.org/","Preference tier, not a performance or safety guarantee."
"BT","Bhutan","2","national_ixp","Bhutan — National or primary Internet Exchange anchor","5","role-anchor","PeeringDB / RIR country resources; resolve current network/IXP identity at deployment time","https://www.peeringdb.org/","Preference tier, not a performance or safety guarantee."
"BT","Bhutan","3","regional_carrier","Bhutan — Regional carrier / upstream ISP anchor","4","role-anchor","PeeringDB / RIR country resources; resolve current network/IXP identity at deployment time","https://www.peeringdb.org/","Preference tier, not a performance or safety guarantee."
"BT","Bhutan","4","international_dc","Bhutan — International carrier / data-center interconnect anchor","4","role-anchor","PeeringDB / RIR country resources; resolve current network/IXP identity at deployment time","https://www.peeringdb.org/","Preference tier, not a performance or safety guarantee."
"BO","Bolivia, Plurinational State of","1","national_backbone","Bolivia, Plurinational State of — National backbone / primary ISP anchor","5","role-anchor","PeeringDB / RIR country resources; resolve current network/IXP identity at deployment time","https://www.peeringdb.org/","Preference tier, not a performance or safety guarantee."
"BO","Bolivia, Plurinational State of","2","national_ixp","Bolivia, Plurinational State of — National or primary Internet Exchange anchor","5","role-anchor","PeeringDB / RIR country resources; resolve current network/IXP identity at deployment time","https://www.peeringdb.org/","Preference tier, not a performance or safety guarantee."
"BO","Bolivia, Plurinational State of","3","regional_carrier","Bolivia, Plurinational State of — Regional carrier / upstream ISP anchor","4","role-anchor","PeeringDB / RIR country resources; resolve current network/IXP identity at deployment time","https://www.peeringdb.org/","Preference tier, not a performance or safety guarantee."
"BO","Bolivia, Plurinational State of","4","international_dc","Bolivia, Plurinational State of — International carrier / data-center interconnect anchor","4","role-anchor","PeeringDB / RIR country resources; resolve current network/IXP identity at deployment time","https://www.peeringdb.org/","Preference tier, not a performance or safety guarantee."
"BQ","Bonaire, Sint Eustatius and Saba","1","national_backbone","Bonaire, Sint Eustatius and Saba — National backbone / primary ISP anchor","5","role-anchor","PeeringDB / RIR country resources; resolve current network/IXP identity at deployment time","https://www.peeringdb.org/","Preference tier, not a performance or safety guarantee."
"BQ","Bonaire, Sint Eustatius and Saba","2","national_ixp","Bonaire, Sint Eustatius and Saba — National or primary Internet Exchange anchor","5","role-anchor","PeeringDB / RIR country resources; resolve current network/IXP identity at deployment time","https://www.peeringdb.org/","Preference tier, not a performance or safety guarantee."
"BQ","Bonaire, Sint Eustatius and Saba","3","regional_carrier","Bonaire, Sint Eustatius and Saba — Regional carrier / upstream ISP anchor","4","role-anchor","PeeringDB / RIR country resources; resolve current network/IXP identity at deployment time","https://www.peeringdb.org/","Preference tier, not a performance or safety guarantee."
"BQ","Bonaire, Sint Eustatius and Saba","4","international_dc","Bonaire, Sint Eustatius and Saba — International carrier / data-center interconnect anchor","4","role-anchor","PeeringDB / RIR country resources; resolve current network/IXP identity at deployment time","https://www.peeringdb.org/","Preference tier, not a performance or safety guarantee."
"BA","Bosnia and Herzegovina","1","national_backbone","Bosnia and Herzegovina — National backbone / primary ISP anchor","5","role-anchor","PeeringDB / RIR country resources; resolve current network/IXP identity at deployment time","https://www.peeringdb.org/","Preference tier, not a performance or safety guarantee."
"BA","Bosnia and Herzegovina","2","national_ixp","Bosnia and Herzegovina — National or primary Internet Exchange anchor","5","role-anchor","PeeringDB / RIR country resources; resolve current network/IXP identity at deployment time","https://www.peeringdb.org/","Preference tier, not a performance or safety guarantee."
"BA","Bosnia and Herzegovina","3","regional_carrier","Bosnia and Herzegovina — Regional carrier / upstream ISP anchor","4","role-anchor","PeeringDB / RIR country resources; resolve current network/IXP identity at deployment time","https://www.peeringdb.org/","Preference tier, not a performance or safety guarantee."
"BA","Bosnia and Herzegovina","4","international_dc","Bosnia and Herzegovina — International carrier / data-center interconnect anchor","4","role-anchor","PeeringDB / RIR country resources; resolve current network/IXP identity at deployment time","https://www.peeringdb.org/","Preference tier, not a performance or safety guarantee."
"BW","Botswana","1","national_backbone","Botswana — National backbone / primary ISP anchor","5","role-anchor","PeeringDB / RIR country resources; resolve current network/IXP identity at deployment time","https://www.peeringdb.org/","Preference tier, not a performance or safety guarantee."
"BW","Botswana","2","national_ixp","Botswana — National or primary Internet Exchange anchor","5","role-anchor","PeeringDB / RIR country resources; resolve current network/IXP identity at deployment time","https://www.peeringdb.org/","Preference tier, not a performance or safety guarantee."
"BW","Botswana","3","regional_carrier","Botswana — Regional carrier / upstream ISP anchor","4","role-anchor","PeeringDB / RIR country resources; resolve current network/IXP identity at deployment time","https://www.peeringdb.org/","Preference tier, not a performance or safety guarantee."
"BW","Botswana","4","international_dc","Botswana — International carrier / data-center interconnect anchor","4","role-anchor","PeeringDB / RIR country resources; resolve current network/IXP identity at deployment time","https://www.peeringdb.org/","Preference tier, not a performance or safety guarantee."
"BV","Bouvet Island","1","national_backbone","Bouvet Island — National backbone / primary ISP anchor","5","role-anchor","PeeringDB / RIR country resources; resolve current network/IXP identity at deployment time","https://www.peeringdb.org/","Preference tier, not a performance or safety guarantee."
"BV","Bouvet Island","2","national_ixp","Bouvet Island — National or primary Internet Exchange anchor","5","role-anchor","PeeringDB / RIR country resources; resolve current network/IXP identity at deployment time","https://www.peeringdb.org/","Preference tier, not a performance or safety guarantee."
"BV","Bouvet Island","3","regional_carrier","Bouvet Island — Regional carrier / upstream ISP anchor","4","role-anchor","PeeringDB / RIR country resources; resolve current network/IXP identity at deployment time","https://www.peeringdb.org/","Preference tier, not a performance or safety guarantee."
"BV","Bouvet Island","4","international_dc","Bouvet Island — International carrier / data-center interconnect anchor","4","role-anchor","PeeringDB / RIR country resources; resolve current network/IXP identity at deployment time","https://www.peeringdb.org/","Preference tier, not a performance or safety guarantee."
"BR","Brazil","1","national_backbone","Brazil — National backbone / primary ISP anchor","5","role-anchor","PeeringDB / RIR country resources; resolve current network/IXP identity at deployment time","https://www.peeringdb.org/","Preference tier, not a performance or safety guarantee."
"BR","Brazil","2","national_ixp","Brazil — National or primary Internet Exchange anchor","5","role-anchor","PeeringDB / RIR country resources; resolve current network/IXP identity at deployment time","https://www.peeringdb.org/","Preference tier, not a performance or safety guarantee."
"BR","Brazil","3","regional_carrier","Brazil — Regional carrier / upstream ISP anchor","4","role-anchor","PeeringDB / RIR country resources; resolve current network/IXP identity at deployment time","https://www.peeringdb.org/","Preference tier, not a performance or safety guarantee."
"BR","Brazil","4","international_dc","Brazil — International carrier / data-center interconnect anchor","4","role-anchor","PeeringDB / RIR country resources; resolve current network/IXP identity at deployment time","https://www.peeringdb.org/","Preference tier, not a performance or safety guarantee."
"IO","British Indian Ocean Territory","1","national_backbone","British Indian Ocean Territory — National backbone / primary ISP anchor","5","role-anchor","PeeringDB / RIR country resources; resolve current network/IXP identity at deployment time","https://www.peeringdb.org/","Preference tier, not a performance or safety guarantee."
"IO","British Indian Ocean Territory","2","national_ixp","British Indian Ocean Territory — National or primary Internet Exchange anchor","5","role-anchor","PeeringDB / RIR country resources; resolve current network/IXP identity at deployment time","https://www.peeringdb.org/","Preference tier, not a performance or safety guarantee."
"IO","British Indian Ocean Territory","3","regional_carrier","British Indian Ocean Territory — Regional carrier / upstream ISP anchor","4","role-anchor","PeeringDB / RIR country resources; resolve current network/IXP identity at deployment time","https://www.peeringdb.org/","Preference tier, not a performance or safety guarantee."
"IO","British Indian Ocean Territory","4","international_dc","British Indian Ocean Territory — International carrier / data-center interconnect anchor","4","role-anchor","PeeringDB / RIR country resources; resolve current network/IXP identity at deployment time","https://www.peeringdb.org/","Preference tier, not a performance or safety guarantee."
"BN","Brunei Darussalam","1","national_backbone","Brunei Darussalam — National backbone / primary ISP anchor","5","role-anchor","PeeringDB / RIR country resources; resolve current network/IXP identity at deployment time","https://www.peeringdb.org/","Preference tier, not a performance or safety guarantee."
"BN","Brunei Darussalam","2","national_ixp","Brunei Darussalam — National or primary Internet Exchange anchor","5","role-anchor","PeeringDB / RIR country resources; resolve current network/IXP identity at deployment time","https://www.peeringdb.org/","Preference tier, not a performance or safety guarantee."
"BN","Brunei Darussalam","3","regional_carrier","Brunei Darussalam — Regional carrier / upstream ISP anchor","4","role-anchor","PeeringDB / RIR country resources; resolve current network/IXP identity at deployment time","https://www.peeringdb.org/","Preference tier, not a performance or safety guarantee."
"BN","Brunei Darussalam","4","international_dc","Brunei Darussalam — International carrier / data-center interconnect anchor","4","role-anchor","PeeringDB / RIR country resources; resolve current network/IXP identity at deployment time","https://www.peeringdb.org/","Preference tier, not a performance or safety guarantee."
"BG","Bulgaria","1","national_backbone","Bulgaria — National backbone / primary ISP anchor","5","role-anchor","PeeringDB / RIR country resources; resolve current network/IXP identity at deployment time","https://www.peeringdb.org/","Preference tier, not a performance or safety guarantee."
"BG","Bulgaria","2","national_ixp","Bulgaria — National or primary Internet Exchange anchor","5","role-anchor","PeeringDB / RIR country resources; resolve current network/IXP identity at deployment time","https://www.peeringdb.org/","Preference tier, not a performance or safety guarantee."
"BG","Bulgaria","3","regional_carrier","Bulgaria — Regional carrier / upstream ISP anchor","4","role-anchor","PeeringDB / RIR country resources; resolve current network/IXP identity at deployment time","https://www.peeringdb.org/","Preference tier, not a performance or safety guarantee."
"BG","Bulgaria","4","international_dc","Bulgaria — International carrier / data-center interconnect anchor","4","role-anchor","PeeringDB / RIR country resources; resolve current network/IXP identity at deployment time","https://www.peeringdb.org/","Preference tier, not a performance or safety guarantee."
"BF","Burkina Faso","1","national_backbone","Burkina Faso — National backbone / primary ISP anchor","5","role-anchor","PeeringDB / RIR country resources; resolve current network/IXP identity at deployment time","https://www.peeringdb.org/","Preference tier, not a performance or safety guarantee."
"BF","Burkina Faso","2","national_ixp","Burkina Faso — National or primary Internet Exchange anchor","5","role-anchor","PeeringDB / RIR country resources; resolve current network/IXP identity at deployment time","https://www.peeringdb.org/","Preference tier, not a performance or safety guarantee."
"BF","Burkina Faso","3","regional_carrier","Burkina Faso — Regional carrier / upstream ISP anchor","4","role-anchor","PeeringDB / RIR country resources; resolve current network/IXP identity at deployment time","https://www.peeringdb.org/","Preference tier, not a performance or safety guarantee."
"BF","Burkina Faso","4","international_dc","Burkina Faso — International carrier / data-center interconnect anchor","4","role-anchor","PeeringDB / RIR country resources; resolve current network/IXP identity at deployment time","https://www.peeringdb.org/","Preference tier, not a performance or safety guarantee."
"BI","Burundi","1","national_backbone","Burundi — National backbone / primary ISP anchor","5","role-anchor","PeeringDB / RIR country resources; resolve current network/IXP identity at deployment time","https://www.peeringdb.org/","Preference tier, not a performance or safety guarantee."
"BI","Burundi","2","national_ixp","Burundi — National or primary Internet Exchange anchor","5","role-anchor","PeeringDB / RIR country resources; resolve current network/IXP identity at deployment time","https://www.peeringdb.org/","Preference tier, not a performance or safety guarantee."
"BI","Burundi","3","regional_carrier","Burundi — Regional carrier / upstream ISP anchor","4","role-anchor","PeeringDB / RIR country resources; resolve current network/IXP identity at deployment time","https://www.peeringdb.org/","Preference tier, not a performance or safety guarantee."
"BI","Burundi","4","international_dc","Burundi — International carrier / data-center interconnect anchor","4","role-anchor","PeeringDB / RIR country resources; resolve current network/IXP identity at deployment time","https://www.peeringdb.org/","Preference tier, not a performance or safety guarantee."
"CV","Cabo Verde","1","national_backbone","Cabo Verde — National backbone / primary ISP anchor","5","role-anchor","PeeringDB / RIR country resources; resolve current network/IXP identity at deployment time","https://www.peeringdb.org/","Preference tier, not a performance or safety guarantee."
"CV","Cabo Verde","2","national_ixp","Cabo Verde — National or primary Internet Exchange anchor","5","role-anchor","PeeringDB / RIR country resources; resolve current network/IXP identity at deployment time","https://www.peeringdb.org/","Preference tier, not a performance or safety guarantee."
"CV","Cabo Verde","3","regional_carrier","Cabo Verde — Regional carrier / upstream ISP anchor","4","role-anchor","PeeringDB / RIR country resources; resolve current network/IXP identity at deployment time","https://www.peeringdb.org/","Preference tier, not a performance or safety guarantee."
"CV","Cabo Verde","4","international_dc","Cabo Verde — International carrier / data-center interconnect anchor","4","role-anchor","PeeringDB / RIR country resources; resolve current network/IXP identity at deployment time","https://www.peeringdb.org/","Preference tier, not a performance or safety guarantee."
"KH","Cambodia","1","national_backbone","Cambodia — National backbone / primary ISP anchor","5","role-anchor","PeeringDB / RIR country resources; resolve current network/IXP identity at deployment time","https://www.peeringdb.org/","Preference tier, not a performance or safety guarantee."
"KH","Cambodia","2","national_ixp","Cambodia — National or primary Internet Exchange anchor","5","role-anchor","PeeringDB / RIR country resources; resolve current network/IXP identity at deployment time","https://www.peeringdb.org/","Preference tier, not a performance or safety guarantee."
"KH","Cambodia","3","regional_carrier","Cambodia — Regional carrier / upstream ISP anchor","4","role-anchor","PeeringDB / RIR country resources; resolve current network/IXP identity at deployment time","https://www.peeringdb.org/","Preference tier, not a performance or safety guarantee."
"KH","Cambodia","4","international_dc","Cambodia — International carrier / data-center interconnect anchor","4","role-anchor","PeeringDB / RIR country resources; resolve current network/IXP identity at deployment time","https://www.peeringdb.org/","Preference tier, not a performance or safety guarantee."
"CM","Cameroon","1","national_backbone","Cameroon — National backbone / primary ISP anchor","5","role-anchor","PeeringDB / RIR country resources; resolve current network/IXP identity at deployment time","https://www.peeringdb.org/","Preference tier, not a performance or safety guarantee."
"CM","Cameroon","2","national_ixp","Cameroon — National or primary Internet Exchange anchor","5","role-anchor","PeeringDB / RIR country resources; resolve current network/IXP identity at deployment time","https://www.peeringdb.org/","Preference tier, not a performance or safety guarantee."
"CM","Cameroon","3","regional_carrier","Cameroon — Regional carrier / upstream ISP anchor","4","role-anchor","PeeringDB / RIR country resources; resolve current network/IXP identity at deployment time","https://www.peeringdb.org/","Preference tier, not a performance or safety guarantee."
"CM","Cameroon","4","international_dc","Cameroon — International carrier / data-center interconnect anchor","4","role-anchor","PeeringDB / RIR country resources; resolve current network/IXP identity at deployment time","https://www.peeringdb.org/","Preference tier, not a performance or safety guarantee."
"CA","Canada","1","national_backbone","Canada — National backbone / primary ISP anchor","5","role-anchor","PeeringDB / RIR country resources; resolve current network/IXP identity at deployment time","https://www.peeringdb.org/","Preference tier, not a performance or safety guarantee."
"CA","Canada","2","national_ixp","Canada — National or primary Internet Exchange anchor","5","role-anchor","PeeringDB / RIR country resources; resolve current network/IXP identity at deployment time","https://www.peeringdb.org/","Preference tier, not a performance or safety guarantee."
"CA","Canada","3","regional_carrier","Canada — Regional carrier / upstream ISP anchor","4","role-anchor","PeeringDB / RIR country resources; resolve current network/IXP identity at deployment time","https://www.peeringdb.org/","Preference tier, not a performance or safety guarantee."
"CA","Canada","4","international_dc","Canada — International carrier / data-center interconnect anchor","4","role-anchor","PeeringDB / RIR country resources; resolve current network/IXP identity at deployment time","https://www.peeringdb.org/","Preference tier, not a performance or safety guarantee."
"KY","Cayman Islands","1","national_backbone","Cayman Islands — National backbone / primary ISP anchor","5","role-anchor","PeeringDB / RIR country resources; resolve current network/IXP identity at deployment time","https://www.peeringdb.org/","Preference tier, not a performance or safety guarantee."
"KY","Cayman Islands","2","national_ixp","Cayman Islands — National or primary Internet Exchange anchor","5","role-anchor","PeeringDB / RIR country resources; resolve current network/IXP identity at deployment time","https://www.peeringdb.org/","Preference tier, not a performance or safety guarantee."
"KY","Cayman Islands","3","regional_carrier","Cayman Islands — Regional carrier / upstream ISP anchor","4","role-anchor","PeeringDB / RIR country resources; resolve current network/IXP identity at deployment time","https://www.peeringdb.org/","Preference tier, not a performance or safety guarantee."
"KY","Cayman Islands","4","international_dc","Cayman Islands — International carrier / data-center interconnect anchor","4","role-anchor","PeeringDB / RIR country resources; resolve current network/IXP identity at deployment time","https://www.peeringdb.org/","Preference tier, not a performance or safety guarantee."
"CF","Central African Republic","1","national_backbone","Central African Republic — National backbone / primary ISP anchor","5","role-anchor","PeeringDB / RIR country resources; resolve current network/IXP identity at deployment time","https://www.peeringdb.org/","Preference tier, not a performance or safety guarantee."
"CF","Central African Republic","2","national_ixp","Central African Republic — National or primary Internet Exchange anchor","5","role-anchor","PeeringDB / RIR country resources; resolve current network/IXP identity at deployment time","https://www.peeringdb.org/","Preference tier, not a performance or safety guarantee."
"CF","Central African Republic","3","regional_carrier","Central African Republic — Regional carrier / upstream ISP anchor","4","role-anchor","PeeringDB / RIR country resources; resolve current network/IXP identity at deployment time","https://www.peeringdb.org/","Preference tier, not a performance or safety guarantee."
"CF","Central African Republic","4","international_dc","Central African Republic — International carrier / data-center interconnect anchor","4","role-anchor","PeeringDB / RIR country resources; resolve current network/IXP identity at deployment time","https://www.peeringdb.org/","Preference tier, not a performance or safety guarantee."
"TD","Chad","1","national_backbone","Chad — National backbone / primary ISP anchor","5","role-anchor","PeeringDB / RIR country resources; resolve current network/IXP identity at deployment time","https://www.peeringdb.org/","Preference tier, not a performance or safety guarantee."
"TD","Chad","2","national_ixp","Chad — National or primary Internet Exchange anchor","5","role-anchor","PeeringDB / RIR country resources; resolve current network/IXP identity at deployment time","https://www.peeringdb.org/","Preference tier, not a performance or safety guarantee."
"TD","Chad","3","regional_carrier","Chad — Regional carrier / upstream ISP anchor","4","role-anchor","PeeringDB / RIR country resources; resolve current network/IXP identity at deployment time","https://www.peeringdb.org/","Preference tier, not a performance or safety guarantee."
"TD","Chad","4","international_dc","Chad — International carrier / data-center interconnect anchor","4","role-anchor","PeeringDB / RIR country resources; resolve current network/IXP identity at deployment time","https://www.peeringdb.org/","Preference tier, not a performance or safety guarantee."
"CL","Chile","1","national_backbone","Chile — National backbone / primary ISP anchor","5","role-anchor","PeeringDB / RIR country resources; resolve current network/IXP identity at deployment time","https://www.peeringdb.org/","Preference tier, not a performance or safety guarantee."
"CL","Chile","2","national_ixp","Chile — National or primary Internet Exchange anchor","5","role-anchor","PeeringDB / RIR country resources; resolve current network/IXP identity at deployment time","https://www.peeringdb.org/","Preference tier, not a performance or safety guarantee."
"CL","Chile","3","regional_carrier","Chile — Regional carrier / upstream ISP anchor","4","role-anchor","PeeringDB / RIR country resources; resolve current network/IXP identity at deployment time","https://www.peeringdb.org/","Preference tier, not a performance or safety guarantee."
"CL","Chile","4","international_dc","Chile — International carrier / data-center interconnect anchor","4","role-anchor","PeeringDB / RIR country resources; resolve current network/IXP identity at deployment time","https://www.peeringdb.org/","Preference tier, not a performance or safety guarantee."
"CN","China","1","national_backbone","China — National backbone / primary ISP anchor","5","role-anchor","PeeringDB / RIR country resources; resolve current network/IXP identity at deployment time","https://www.peeringdb.org/","Preference tier, not a performance or safety guarantee."
"CN","China","2","national_ixp","China — National or primary Internet Exchange anchor","5","role-anchor","PeeringDB / RIR country resources; resolve current network/IXP identity at deployment time","https://www.peeringdb.org/","Preference tier, not a performance or safety guarantee."
"CN","China","3","regional_carrier","China — Regional carrier / upstream ISP anchor","4","role-anchor","PeeringDB / RIR country resources; resolve current network/IXP identity at deployment time","https://www.peeringdb.org/","Preference tier, not a performance or safety guarantee."
"CN","China","4","international_dc","China — International carrier / data-center interconnect anchor","4","role-anchor","PeeringDB / RIR country resources; resolve current network/IXP identity at deployment time","https://www.peeringdb.org/","Preference tier, not a performance or safety guarantee."
"CX","Christmas Island","1","national_backbone","Christmas Island — National backbone / primary ISP anchor","5","role-anchor","PeeringDB / RIR country resources; resolve current network/IXP identity at deployment time","https://www.peeringdb.org/","Preference tier, not a performance or safety guarantee."
"CX","Christmas Island","2","national_ixp","Christmas Island — National or primary Internet Exchange anchor","5","role-anchor","PeeringDB / RIR country resources; resolve current network/IXP identity at deployment time","https://www.peeringdb.org/","Preference tier, not a performance or safety guarantee."
"CX","Christmas Island","3","regional_carrier","Christmas Island — Regional carrier / upstream ISP anchor","4","role-anchor","PeeringDB / RIR country resources; resolve current network/IXP identity at deployment time","https://www.peeringdb.org/","Preference tier, not a performance or safety guarantee."
"CX","Christmas Island","4","international_dc","Christmas Island — International carrier / data-center interconnect anchor","4","role-anchor","PeeringDB / RIR country resources; resolve current network/IXP identity at deployment time","https://www.peeringdb.org/","Preference tier, not a performance or safety guarantee."
"CC","Cocos (Keeling) Islands","1","national_backbone","Cocos (Keeling) Islands — National backbone / primary ISP anchor","5","role-anchor","PeeringDB / RIR country resources; resolve current network/IXP identity at deployment time","https://www.peeringdb.org/","Preference tier, not a performance or safety guarantee."
"CC","Cocos (Keeling) Islands","2","national_ixp","Cocos (Keeling) Islands — National or primary Internet Exchange anchor","5","role-anchor","PeeringDB / RIR country resources; resolve current network/IXP identity at deployment time","https://www.peeringdb.org/","Preference tier, not a performance or safety guarantee."
"CC","Cocos (Keeling) Islands","3","regional_carrier","Cocos (Keeling) Islands — Regional carrier / upstream ISP anchor","4","role-anchor","PeeringDB / RIR country resources; resolve current network/IXP identity at deployment time","https://www.peeringdb.org/","Preference tier, not a performance or safety guarantee."
"CC","Cocos (Keeling) Islands","4","international_dc","Cocos (Keeling) Islands — International carrier / data-center interconnect anchor","4","role-anchor","PeeringDB / RIR country resources; resolve current network/IXP identity at deployment time","https://www.peeringdb.org/","Preference tier, not a performance or safety guarantee."
"CO","Colombia","1","national_backbone","Colombia — National backbone / primary ISP anchor","5","role-anchor","PeeringDB / RIR country resources; resolve current network/IXP identity at deployment time","https://www.peeringdb.org/","Preference tier, not a performance or safety guarantee."
"CO","Colombia","2","national_ixp","Colombia — National or primary Internet Exchange anchor","5","role-anchor","PeeringDB / RIR country resources; resolve current network/IXP identity at deployment time","https://www.peeringdb.org/","Preference tier, not a performance or safety guarantee."
"CO","Colombia","3","regional_carrier","Colombia — Regional carrier / upstream ISP anchor","4","role-anchor","PeeringDB / RIR country resources; resolve current network/IXP identity at deployment time","https://www.peeringdb.org/","Preference tier, not a performance or safety guarantee."
"CO","Colombia","4","international_dc","Colombia — International carrier / data-center interconnect anchor","4","role-anchor","PeeringDB / RIR country resources; resolve current network/IXP identity at deployment time","https://www.peeringdb.org/","Preference tier, not a performance or safety guarantee."
"KM","Comoros","1","national_backbone","Comoros — National backbone / primary ISP anchor","5","role-anchor","PeeringDB / RIR country resources; resolve current network/IXP identity at deployment time","https://www.peeringdb.org/","Preference tier, not a performance or safety guarantee."
"KM","Comoros","2","national_ixp","Comoros — National or primary Internet Exchange anchor","5","role-anchor","PeeringDB / RIR country resources; resolve current network/IXP identity at deployment time","https://www.peeringdb.org/","Preference tier, not a performance or safety guarantee."
"KM","Comoros","3","regional_carrier","Comoros — Regional carrier / upstream ISP anchor","4","role-anchor","PeeringDB / RIR country resources; resolve current network/IXP identity at deployment time","https://www.peeringdb.org/","Preference tier, not a performance or safety guarantee."
"KM","Comoros","4","international_dc","Comoros — International carrier / data-center interconnect anchor","4","role-anchor","PeeringDB / RIR country resources; resolve current network/IXP identity at deployment time","https://www.peeringdb.org/","Preference tier, not a performance or safety guarantee."
"CG","Congo","1","national_backbone","Congo — National backbone / primary ISP anchor","5","role-anchor","PeeringDB / RIR country resources; resolve current network/IXP identity at deployment time","https://www.peeringdb.org/","Preference tier, not a performance or safety guarantee."
"CG","Congo","2","national_ixp","Congo — National or primary Internet Exchange anchor","5","role-anchor","PeeringDB / RIR country resources; resolve current network/IXP identity at deployment time","https://www.peeringdb.org/","Preference tier, not a performance or safety guarantee."
"CG","Congo","3","regional_carrier","Congo — Regional carrier / upstream ISP anchor","4","role-anchor","PeeringDB / RIR country resources; resolve current network/IXP identity at deployment time","https://www.peeringdb.org/","Preference tier, not a performance or safety guarantee."
"CG","Congo","4","international_dc","Congo — International carrier / data-center interconnect anchor","4","role-anchor","PeeringDB / RIR country resources; resolve current network/IXP identity at deployment time","https://www.peeringdb.org/","Preference tier, not a performance or safety guarantee."
"CD","Congo, The Democratic Republic of the","1","national_backbone","Congo, The Democratic Republic of the — National backbone / primary ISP anchor","5","role-anchor","PeeringDB / RIR country resources; resolve current network/IXP identity at deployment time","https://www.peeringdb.org/","Preference tier, not a performance or safety guarantee."
"CD","Congo, The Democratic Republic of the","2","national_ixp","Congo, The Democratic Republic of the — National or primary Internet Exchange anchor","5","role-anchor","PeeringDB / RIR country resources; resolve current network/IXP identity at deployment time","https://www.peeringdb.org/","Preference tier, not a performance or safety guarantee."
"CD","Congo, The Democratic Republic of the","3","regional_carrier","Congo, The Democratic Republic of the — Regional carrier / upstream ISP anchor","4","role-anchor","PeeringDB / RIR country resources; resolve current network/IXP identity at deployment time","https://www.peeringdb.org/","Preference tier, not a performance or safety guarantee."
"CD","Congo, The Democratic Republic of the","4","international_dc","Congo, The Democratic Republic of the — International carrier / data-center interconnect anchor","4","role-anchor","PeeringDB / RIR country resources; resolve current network/IXP identity at deployment time","https://www.peeringdb.org/","Preference tier, not a performance or safety guarantee."
"CK","Cook Islands","1","national_backbone","Cook Islands — National backbone / primary ISP anchor","5","role-anchor","PeeringDB / RIR country resources; resolve current network/IXP identity at deployment time","https://www.peeringdb.org/","Preference tier, not a performance or safety guarantee."
"CK","Cook Islands","2","national_ixp","Cook Islands — National or primary Internet Exchange anchor","5","role-anchor","PeeringDB / RIR country resources; resolve current network/IXP identity at deployment time","https://www.peeringdb.org/","Preference tier, not a performance or safety guarantee."
"CK","Cook Islands","3","regional_carrier","Cook Islands — Regional carrier / upstream ISP anchor","4","role-anchor","PeeringDB / RIR country resources; resolve current network/IXP identity at deployment time","https://www.peeringdb.org/","Preference tier, not a performance or safety guarantee."
"CK","Cook Islands","4","international_dc","Cook Islands — International carrier / data-center interconnect anchor","4","role-anchor","PeeringDB / RIR country resources; resolve current network/IXP identity at deployment time","https://www.peeringdb.org/","Preference tier, not a performance or safety guarantee."
"CR","Costa Rica","1","national_backbone","Costa Rica — National backbone / primary ISP anchor","5","role-anchor","PeeringDB / RIR country resources; resolve current network/IXP identity at deployment time","https://www.peeringdb.org/","Preference tier, not a performance or safety guarantee."
"CR","Costa Rica","2","national_ixp","Costa Rica — National or primary Internet Exchange anchor","5","role-anchor","PeeringDB / RIR country resources; resolve current network/IXP identity at deployment time","https://www.peeringdb.org/","Preference tier, not a performance or safety guarantee."
"CR","Costa Rica","3","regional_carrier","Costa Rica — Regional carrier / upstream ISP anchor","4","role-anchor","PeeringDB / RIR country resources; resolve current network/IXP identity at deployment time","https://www.peeringdb.org/","Preference tier, not a performance or safety guarantee."
"CR","Costa Rica","4","international_dc","Costa Rica — International carrier / data-center interconnect anchor","4","role-anchor","PeeringDB / RIR country resources; resolve current network/IXP identity at deployment time","https://www.peeringdb.org/","Preference tier, not a performance or safety guarantee."
"HR","Croatia","1","national_backbone","Croatia — National backbone / primary ISP anchor","5","role-anchor","PeeringDB / RIR country resources; resolve current network/IXP identity at deployment time","https://www.peeringdb.org/","Preference tier, not a performance or safety guarantee."
"HR","Croatia","2","national_ixp","Croatia — National or primary Internet Exchange anchor","5","role-anchor","PeeringDB / RIR country resources; resolve current network/IXP identity at deployment time","https://www.peeringdb.org/","Preference tier, not a performance or safety guarantee."
"HR","Croatia","3","regional_carrier","Croatia — Regional carrier / upstream ISP anchor","4","role-anchor","PeeringDB / RIR country resources; resolve current network/IXP identity at deployment time","https://www.peeringdb.org/","Preference tier, not a performance or safety guarantee."
"HR","Croatia","4","international_dc","Croatia — International carrier / data-center interconnect anchor","4","role-anchor","PeeringDB / RIR country resources; resolve current network/IXP identity at deployment time","https://www.peeringdb.org/","Preference tier, not a performance or safety guarantee."
"CU","Cuba","1","national_backbone","Cuba — National backbone / primary ISP anchor","5","role-anchor","PeeringDB / RIR country resources; resolve current network/IXP identity at deployment time","https://www.peeringdb.org/","Preference tier, not a performance or safety guarantee."
"CU","Cuba","2","national_ixp","Cuba — National or primary Internet Exchange anchor","5","role-anchor","PeeringDB / RIR country resources; resolve current network/IXP identity at deployment time","https://www.peeringdb.org/","Preference tier, not a performance or safety guarantee."
"CU","Cuba","3","regional_carrier","Cuba — Regional carrier / upstream ISP anchor","4","role-anchor","PeeringDB / RIR country resources; resolve current network/IXP identity at deployment time","https://www.peeringdb.org/","Preference tier, not a performance or safety guarantee."
"CU","Cuba","4","international_dc","Cuba — International carrier / data-center interconnect anchor","4","role-anchor","PeeringDB / RIR country resources; resolve current network/IXP identity at deployment time","https://www.peeringdb.org/","Preference tier, not a performance or safety guarantee."
"CW","Curaçao","1","national_backbone","Curaçao — National backbone / primary ISP anchor","5","role-anchor","PeeringDB / RIR country resources; resolve current network/IXP identity at deployment time","https://www.peeringdb.org/","Preference tier, not a performance or safety guarantee."
"CW","Curaçao","2","national_ixp","Curaçao — National or primary Internet Exchange anchor","5","role-anchor","PeeringDB / RIR country resources; resolve current network/IXP identity at deployment time","https://www.peeringdb.org/","Preference tier, not a performance or safety guarantee."
"CW","Curaçao","3","regional_carrier","Curaçao — Regional carrier / upstream ISP anchor","4","role-anchor","PeeringDB / RIR country resources; resolve current network/IXP identity at deployment time","https://www.peeringdb.org/","Preference tier, not a performance or safety guarantee."
"CW","Curaçao","4","international_dc","Curaçao — International carrier / data-center interconnect anchor","4","role-anchor","PeeringDB / RIR country resources; resolve current network/IXP identity at deployment time","https://www.peeringdb.org/","Preference tier, not a performance or safety guarantee."
"CY","Cyprus","1","national_backbone","Cyprus — National backbone / primary ISP anchor","5","role-anchor","PeeringDB / RIR country resources; resolve current network/IXP identity at deployment time","https://www.peeringdb.org/","Preference tier, not a performance or safety guarantee."
"CY","Cyprus","2","national_ixp","Cyprus — National or primary Internet Exchange anchor","5","role-anchor","PeeringDB / RIR country resources; resolve current network/IXP identity at deployment time","https://www.peeringdb.org/","Preference tier, not a performance or safety guarantee."
"CY","Cyprus","3","regional_carrier","Cyprus — Regional carrier / upstream ISP anchor","4","role-anchor","PeeringDB / RIR country resources; resolve current network/IXP identity at deployment time","https://www.peeringdb.org/","Preference tier, not a performance or safety guarantee."
"CY","Cyprus","4","international_dc","Cyprus — International carrier / data-center interconnect anchor","4","role-anchor","PeeringDB / RIR country resources; resolve current network/IXP identity at deployment time","https://www.peeringdb.org/","Preference tier, not a performance or safety guarantee."
"CZ","Czechia","1","national_backbone","Czechia — National backbone / primary ISP anchor","5","role-anchor","PeeringDB / RIR country resources; resolve current network/IXP identity at deployment time","https://www.peeringdb.org/","Preference tier, not a performance or safety guarantee."
"CZ","Czechia","2","national_ixp","Czechia — National or primary Internet Exchange anchor","5","role-anchor","PeeringDB / RIR country resources; resolve current network/IXP identity at deployment time","https://www.peeringdb.org/","Preference tier, not a performance or safety guarantee."
"CZ","Czechia","3","regional_carrier","Czechia — Regional carrier / upstream ISP anchor","4","role-anchor","PeeringDB / RIR country resources; resolve current network/IXP identity at deployment time","https://www.peeringdb.org/","Preference tier, not a performance or safety guarantee."
"CZ","Czechia","4","international_dc","Czechia — International carrier / data-center interconnect anchor","4","role-anchor","PeeringDB / RIR country resources; resolve current network/IXP identity at deployment time","https://www.peeringdb.org/","Preference tier, not a performance or safety guarantee."
"CI","Côte d'Ivoire","1","national_backbone","Côte d'Ivoire — National backbone / primary ISP anchor","5","role-anchor","PeeringDB / RIR country resources; resolve current network/IXP identity at deployment time","https://www.peeringdb.org/","Preference tier, not a performance or safety guarantee."
"CI","Côte d'Ivoire","2","national_ixp","Côte d'Ivoire — National or primary Internet Exchange anchor","5","role-anchor","PeeringDB / RIR country resources; resolve current network/IXP identity at deployment time","https://www.peeringdb.org/","Preference tier, not a performance or safety guarantee."
"CI","Côte d'Ivoire","3","regional_carrier","Côte d'Ivoire — Regional carrier / upstream ISP anchor","4","role-anchor","PeeringDB / RIR country resources; resolve current network/IXP identity at deployment time","https://www.peeringdb.org/","Preference tier, not a performance or safety guarantee."
"CI","Côte d'Ivoire","4","international_dc","Côte d'Ivoire — International carrier / data-center interconnect anchor","4","role-anchor","PeeringDB / RIR country resources; resolve current network/IXP identity at deployment time","https://www.peeringdb.org/","Preference tier, not a performance or safety guarantee."
"DK","Denmark","1","national_backbone","Denmark — National backbone / primary ISP anchor","5","role-anchor","PeeringDB / RIR country resources; resolve current network/IXP identity at deployment time","https://www.peeringdb.org/","Preference tier, not a performance or safety guarantee."
"DK","Denmark","2","national_ixp","Denmark — National or primary Internet Exchange anchor","5","role-anchor","PeeringDB / RIR country resources; resolve current network/IXP identity at deployment time","https://www.peeringdb.org/","Preference tier, not a performance or safety guarantee."
"DK","Denmark","3","regional_carrier","Denmark — Regional carrier / upstream ISP anchor","4","role-anchor","PeeringDB / RIR country resources; resolve current network/IXP identity at deployment time","https://www.peeringdb.org/","Preference tier, not a performance or safety guarantee."
"DK","Denmark","4","international_dc","Denmark — International carrier / data-center interconnect anchor","4","role-anchor","PeeringDB / RIR country resources; resolve current network/IXP identity at deployment time","https://www.peeringdb.org/","Preference tier, not a performance or safety guarantee."
"DJ","Djibouti","1","national_backbone","Djibouti — National backbone / primary ISP anchor","5","role-anchor","PeeringDB / RIR country resources; resolve current network/IXP identity at deployment time","https://www.peeringdb.org/","Preference tier, not a performance or safety guarantee."
"DJ","Djibouti","2","national_ixp","Djibouti — National or primary Internet Exchange anchor","5","role-anchor","PeeringDB / RIR country resources; resolve current network/IXP identity at deployment time","https://www.peeringdb.org/","Preference tier, not a performance or safety guarantee."
"DJ","Djibouti","3","regional_carrier","Djibouti — Regional carrier / upstream ISP anchor","4","role-anchor","PeeringDB / RIR country resources; resolve current network/IXP identity at deployment time","https://www.peeringdb.org/","Preference tier, not a performance or safety guarantee."
"DJ","Djibouti","4","international_dc","Djibouti — International carrier / data-center interconnect anchor","4","role-anchor","PeeringDB / RIR country resources; resolve current network/IXP identity at deployment time","https://www.peeringdb.org/","Preference tier, not a performance or safety guarantee."
"DM","Dominica","1","national_backbone","Dominica — National backbone / primary ISP anchor","5","role-anchor","PeeringDB / RIR country resources; resolve current network/IXP identity at deployment time","https://www.peeringdb.org/","Preference tier, not a performance or safety guarantee."
"DM","Dominica","2","national_ixp","Dominica — National or primary Internet Exchange anchor","5","role-anchor","PeeringDB / RIR country resources; resolve current network/IXP identity at deployment time","https://www.peeringdb.org/","Preference tier, not a performance or safety guarantee."
"DM","Dominica","3","regional_carrier","Dominica — Regional carrier / upstream ISP anchor","4","role-anchor","PeeringDB / RIR country resources; resolve current network/IXP identity at deployment time","https://www.peeringdb.org/","Preference tier, not a performance or safety guarantee."
"DM","Dominica","4","international_dc","Dominica — International carrier / data-center interconnect anchor","4","role-anchor","PeeringDB / RIR country resources; resolve current network/IXP identity at deployment time","https://www.peeringdb.org/","Preference tier, not a performance or safety guarantee."
"DO","Dominican Republic","1","national_backbone","Dominican Republic — National backbone / primary ISP anchor","5","role-anchor","PeeringDB / RIR country resources; resolve current network/IXP identity at deployment time","https://www.peeringdb.org/","Preference tier, not a performance or safety guarantee."
"DO","Dominican Republic","2","national_ixp","Dominican Republic — National or primary Internet Exchange anchor","5","role-anchor","PeeringDB / RIR country resources; resolve current network/IXP identity at deployment time","https://www.peeringdb.org/","Preference tier, not a performance or safety guarantee."
"DO","Dominican Republic","3","regional_carrier","Dominican Republic — Regional carrier / upstream ISP anchor","4","role-anchor","PeeringDB / RIR country resources; resolve current network/IXP identity at deployment time","https://www.peeringdb.org/","Preference tier, not a performance or safety guarantee."
"DO","Dominican Republic","4","international_dc","Dominican Republic — International carrier / data-center interconnect anchor","4","role-anchor","PeeringDB / RIR country resources; resolve current network/IXP identity at deployment time","https://www.peeringdb.org/","Preference tier, not a performance or safety guarantee."
"EC","Ecuador","1","national_backbone","Ecuador — National backbone / primary ISP anchor","5","role-anchor","PeeringDB / RIR country resources; resolve current network/IXP identity at deployment time","https://www.peeringdb.org/","Preference tier, not a performance or safety guarantee."
"EC","Ecuador","2","national_ixp","Ecuador — National or primary Internet Exchange anchor","5","role-anchor","PeeringDB / RIR country resources; resolve current network/IXP identity at deployment time","https://www.peeringdb.org/","Preference tier, not a performance or safety guarantee."
"EC","Ecuador","3","regional_carrier","Ecuador — Regional carrier / upstream ISP anchor","4","role-anchor","PeeringDB / RIR country resources; resolve current network/IXP identity at deployment time","https://www.peeringdb.org/","Preference tier, not a performance or safety guarantee."
"EC","Ecuador","4","international_dc","Ecuador — International carrier / data-center interconnect anchor","4","role-anchor","PeeringDB / RIR country resources; resolve current network/IXP identity at deployment time","https://www.peeringdb.org/","Preference tier, not a performance or safety guarantee."
"EG","Egypt","1","national_backbone","Egypt — National backbone / primary ISP anchor","5","role-anchor","PeeringDB / RIR country resources; resolve current network/IXP identity at deployment time","https://www.peeringdb.org/","Preference tier, not a performance or safety guarantee."
"EG","Egypt","2","national_ixp","Egypt — National or primary Internet Exchange anchor","5","role-anchor","PeeringDB / RIR country resources; resolve current network/IXP identity at deployment time","https://www.peeringdb.org/","Preference tier, not a performance or safety guarantee."
"EG","Egypt","3","regional_carrier","Egypt — Regional carrier / upstream ISP anchor","4","role-anchor","PeeringDB / RIR country resources; resolve current network/IXP identity at deployment time","https://www.peeringdb.org/","Preference tier, not a performance or safety guarantee."
"EG","Egypt","4","international_dc","Egypt — International carrier / data-center interconnect anchor","4","role-anchor","PeeringDB / RIR country resources; resolve current network/IXP identity at deployment time","https://www.peeringdb.org/","Preference tier, not a performance or safety guarantee."
"SV","El Salvador","1","national_backbone","El Salvador — National backbone / primary ISP anchor","5","role-anchor","PeeringDB / RIR country resources; resolve current network/IXP identity at deployment time","https://www.peeringdb.org/","Preference tier, not a performance or safety guarantee."
"SV","El Salvador","2","national_ixp","El Salvador — National or primary Internet Exchange anchor","5","role-anchor","PeeringDB / RIR country resources; resolve current network/IXP identity at deployment time","https://www.peeringdb.org/","Preference tier, not a performance or safety guarantee."
"SV","El Salvador","3","regional_carrier","El Salvador — Regional carrier / upstream ISP anchor","4","role-anchor","PeeringDB / RIR country resources; resolve current network/IXP identity at deployment time","https://www.peeringdb.org/","Preference tier, not a performance or safety guarantee."
"SV","El Salvador","4","international_dc","El Salvador — International carrier / data-center interconnect anchor","4","role-anchor","PeeringDB / RIR country resources; resolve current network/IXP identity at deployment time","https://www.peeringdb.org/","Preference tier, not a performance or safety guarantee."
"GQ","Equatorial Guinea","1","national_backbone","Equatorial Guinea — National backbone / primary ISP anchor","5","role-anchor","PeeringDB / RIR country resources; resolve current network/IXP identity at deployment time","https://www.peeringdb.org/","Preference tier, not a performance or safety guarantee."
"GQ","Equatorial Guinea","2","national_ixp","Equatorial Guinea — National or primary Internet Exchange anchor","5","role-anchor","PeeringDB / RIR country resources; resolve current network/IXP identity at deployment time","https://www.peeringdb.org/","Preference tier, not a performance or safety guarantee."
"GQ","Equatorial Guinea","3","regional_carrier","Equatorial Guinea — Regional carrier / upstream ISP anchor","4","role-anchor","PeeringDB / RIR country resources; resolve current network/IXP identity at deployment time","https://www.peeringdb.org/","Preference tier, not a performance or safety guarantee."
"GQ","Equatorial Guinea","4","international_dc","Equatorial Guinea — International carrier / data-center interconnect anchor","4","role-anchor","PeeringDB / RIR country resources; resolve current network/IXP identity at deployment time","https://www.peeringdb.org/","Preference tier, not a performance or safety guarantee."
"ER","Eritrea","1","national_backbone","Eritrea — National backbone / primary ISP anchor","5","role-anchor","PeeringDB / RIR country resources; resolve current network/IXP identity at deployment time","https://www.peeringdb.org/","Preference tier, not a performance or safety guarantee."
"ER","Eritrea","2","national_ixp","Eritrea — National or primary Internet Exchange anchor","5","role-anchor","PeeringDB / RIR country resources; resolve current network/IXP identity at deployment time","https://www.peeringdb.org/","Preference tier, not a performance or safety guarantee."
"ER","Eritrea","3","regional_carrier","Eritrea — Regional carrier / upstream ISP anchor","4","role-anchor","PeeringDB / RIR country resources; resolve current network/IXP identity at deployment time","https://www.peeringdb.org/","Preference tier, not a performance or safety guarantee."
"ER","Eritrea","4","international_dc","Eritrea — International carrier / data-center interconnect anchor","4","role-anchor","PeeringDB / RIR country resources; resolve current network/IXP identity at deployment time","https://www.peeringdb.org/","Preference tier, not a performance or safety guarantee."
"EE","Estonia","1","national_backbone","Estonia — National backbone / primary ISP anchor","5","role-anchor","PeeringDB / RIR country resources; resolve current network/IXP identity at deployment time","https://www.peeringdb.org/","Preference tier, not a performance or safety guarantee."
"EE","Estonia","2","national_ixp","Estonia — National or primary Internet Exchange anchor","5","role-anchor","PeeringDB / RIR country resources; resolve current network/IXP identity at deployment time","https://www.peeringdb.org/","Preference tier, not a performance or safety guarantee."
"EE","Estonia","3","regional_carrier","Estonia — Regional carrier / upstream ISP anchor","4","role-anchor","PeeringDB / RIR country resources; resolve current network/IXP identity at deployment time","https://www.peeringdb.org/","Preference tier, not a performance or safety guarantee."
"EE","Estonia","4","international_dc","Estonia — International carrier / data-center interconnect anchor","4","role-anchor","PeeringDB / RIR country resources; resolve current network/IXP identity at deployment time","https://www.peeringdb.org/","Preference tier, not a performance or safety guarantee."
"SZ","Eswatini","1","national_backbone","Eswatini — National backbone / primary ISP anchor","5","role-anchor","PeeringDB / RIR country resources; resolve current network/IXP identity at deployment time","https://www.peeringdb.org/","Preference tier, not a performance or safety guarantee."
"SZ","Eswatini","2","national_ixp","Eswatini — National or primary Internet Exchange anchor","5","role-anchor","PeeringDB / RIR country resources; resolve current network/IXP identity at deployment time","https://www.peeringdb.org/","Preference tier, not a performance or safety guarantee."
"SZ","Eswatini","3","regional_carrier","Eswatini — Regional carrier / upstream ISP anchor","4","role-anchor","PeeringDB / RIR country resources; resolve current network/IXP identity at deployment time","https://www.peeringdb.org/","Preference tier, not a performance or safety guarantee."
"SZ","Eswatini","4","international_dc","Eswatini — International carrier / data-center interconnect anchor","4","role-anchor","PeeringDB / RIR country resources; resolve current network/IXP identity at deployment time","https://www.peeringdb.org/","Preference tier, not a performance or safety guarantee."
"ET","Ethiopia","1","national_backbone","Ethiopia — National backbone / primary ISP anchor","5","role-anchor","PeeringDB / RIR country resources; resolve current network/IXP identity at deployment time","https://www.peeringdb.org/","Preference tier, not a performance or safety guarantee."
"ET","Ethiopia","2","national_ixp","Ethiopia — National or primary Internet Exchange anchor","5","role-anchor","PeeringDB / RIR country resources; resolve current network/IXP identity at deployment time","https://www.peeringdb.org/","Preference tier, not a performance or safety guarantee."
"ET","Ethiopia","3","regional_carrier","Ethiopia — Regional carrier / upstream ISP anchor","4","role-anchor","PeeringDB / RIR country resources; resolve current network/IXP identity at deployment time","https://www.peeringdb.org/","Preference tier, not a performance or safety guarantee."
"ET","Ethiopia","4","international_dc","Ethiopia — International carrier / data-center interconnect anchor","4","role-anchor","PeeringDB / RIR country resources; resolve current network/IXP identity at deployment time","https://www.peeringdb.org/","Preference tier, not a performance or safety guarantee."
"FK","Falkland Islands (Malvinas)","1","national_backbone","Falkland Islands (Malvinas) — National backbone / primary ISP anchor","5","role-anchor","PeeringDB / RIR country resources; resolve current network/IXP identity at deployment time","https://www.peeringdb.org/","Preference tier, not a performance or safety guarantee."
"FK","Falkland Islands (Malvinas)","2","national_ixp","Falkland Islands (Malvinas) — National or primary Internet Exchange anchor","5","role-anchor","PeeringDB / RIR country resources; resolve current network/IXP identity at deployment time","https://www.peeringdb.org/","Preference tier, not a performance or safety guarantee."
"FK","Falkland Islands (Malvinas)","3","regional_carrier","Falkland Islands (Malvinas) — Regional carrier / upstream ISP anchor","4","role-anchor","PeeringDB / RIR country resources; resolve current network/IXP identity at deployment time","https://www.peeringdb.org/","Preference tier, not a performance or safety guarantee."
"FK","Falkland Islands (Malvinas)","4","international_dc","Falkland Islands (Malvinas) — International carrier / data-center interconnect anchor","4","role-anchor","PeeringDB / RIR country resources; resolve current network/IXP identity at deployment time","https://www.peeringdb.org/","Preference tier, not a performance or safety guarantee."
"FO","Faroe Islands","1","national_backbone","Faroe Islands — National backbone / primary ISP anchor","5","role-anchor","PeeringDB / RIR country resources; resolve current network/IXP identity at deployment time","https://www.peeringdb.org/","Preference tier, not a performance or safety guarantee."
"FO","Faroe Islands","2","national_ixp","Faroe Islands — National or primary Internet Exchange anchor","5","role-anchor","PeeringDB / RIR country resources; resolve current network/IXP identity at deployment time","https://www.peeringdb.org/","Preference tier, not a performance or safety guarantee."
"FO","Faroe Islands","3","regional_carrier","Faroe Islands — Regional carrier / upstream ISP anchor","4","role-anchor","PeeringDB / RIR country resources; resolve current network/IXP identity at deployment time","https://www.peeringdb.org/","Preference tier, not a performance or safety guarantee."
"FO","Faroe Islands","4","international_dc","Faroe Islands — International carrier / data-center interconnect anchor","4","role-anchor","PeeringDB / RIR country resources; resolve current network/IXP identity at deployment time","https://www.peeringdb.org/","Preference tier, not a performance or safety guarantee."
"FJ","Fiji","1","national_backbone","Fiji — National backbone / primary ISP anchor","5","role-anchor","PeeringDB / RIR country resources; resolve current network/IXP identity at deployment time","https://www.peeringdb.org/","Preference tier, not a performance or safety guarantee."
"FJ","Fiji","2","national_ixp","Fiji — National or primary Internet Exchange anchor","5","role-anchor","PeeringDB / RIR country resources; resolve current network/IXP identity at deployment time","https://www.peeringdb.org/","Preference tier, not a performance or safety guarantee."
"FJ","Fiji","3","regional_carrier","Fiji — Regional carrier / upstream ISP anchor","4","role-anchor","PeeringDB / RIR country resources; resolve current network/IXP identity at deployment time","https://www.peeringdb.org/","Preference tier, not a performance or safety guarantee."
"FJ","Fiji","4","international_dc","Fiji — International carrier / data-center interconnect anchor","4","role-anchor","PeeringDB / RIR country resources; resolve current network/IXP identity at deployment time","https://www.peeringdb.org/","Preference tier, not a performance or safety guarantee."
"FI","Finland","1","national_backbone","Finland — National backbone / primary ISP anchor","5","role-anchor","PeeringDB / RIR country resources; resolve current network/IXP identity at deployment time","https://www.peeringdb.org/","Preference tier, not a performance or safety guarantee."
"FI","Finland","2","national_ixp","Finland — National or primary Internet Exchange anchor","5","role-anchor","PeeringDB / RIR country resources; resolve current network/IXP identity at deployment time","https://www.peeringdb.org/","Preference tier, not a performance or safety guarantee."
"FI","Finland","3","regional_carrier","Finland — Regional carrier / upstream ISP anchor","4","role-anchor","PeeringDB / RIR country resources; resolve current network/IXP identity at deployment time","https://www.peeringdb.org/","Preference tier, not a performance or safety guarantee."
"FI","Finland","4","international_dc","Finland — International carrier / data-center interconnect anchor","4","role-anchor","PeeringDB / RIR country resources; resolve current network/IXP identity at deployment time","https://www.peeringdb.org/","Preference tier, not a performance or safety guarantee."
"FR","France","1","national_backbone","France — National backbone / primary ISP anchor","5","role-anchor","PeeringDB / RIR country resources; resolve current network/IXP identity at deployment time","https://www.peeringdb.org/","Preference tier, not a performance or safety guarantee."
"FR","France","2","national_ixp","France — National or primary Internet Exchange anchor","5","role-anchor","PeeringDB / RIR country resources; resolve current network/IXP identity at deployment time","https://www.peeringdb.org/","Preference tier, not a performance or safety guarantee."
"FR","France","3","regional_carrier","France — Regional carrier / upstream ISP anchor","4","role-anchor","PeeringDB / RIR country resources; resolve current network/IXP identity at deployment time","https://www.peeringdb.org/","Preference tier, not a performance or safety guarantee."
"FR","France","4","international_dc","France — International carrier / data-center interconnect anchor","4","role-anchor","PeeringDB / RIR country resources; resolve current network/IXP identity at deployment time","https://www.peeringdb.org/","Preference tier, not a performance or safety guarantee."
"GF","French Guiana","1","national_backbone","French Guiana — National backbone / primary ISP anchor","5","role-anchor","PeeringDB / RIR country resources; resolve current network/IXP identity at deployment time","https://www.peeringdb.org/","Preference tier, not a performance or safety guarantee."
"GF","French Guiana","2","national_ixp","French Guiana — National or primary Internet Exchange anchor","5","role-anchor","PeeringDB / RIR country resources; resolve current network/IXP identity at deployment time","https://www.peeringdb.org/","Preference tier, not a performance or safety guarantee."
"GF","French Guiana","3","regional_carrier","French Guiana — Regional carrier / upstream ISP anchor","4","role-anchor","PeeringDB / RIR country resources; resolve current network/IXP identity at deployment time","https://www.peeringdb.org/","Preference tier, not a performance or safety guarantee."
"GF","French Guiana","4","international_dc","French Guiana — International carrier / data-center interconnect anchor","4","role-anchor","PeeringDB / RIR country resources; resolve current network/IXP identity at deployment time","https://www.peeringdb.org/","Preference tier, not a performance or safety guarantee."
"PF","French Polynesia","1","national_backbone","French Polynesia — National backbone / primary ISP anchor","5","role-anchor","PeeringDB / RIR country resources; resolve current network/IXP identity at deployment time","https://www.peeringdb.org/","Preference tier, not a performance or safety guarantee."
"PF","French Polynesia","2","national_ixp","French Polynesia — National or primary Internet Exchange anchor","5","role-anchor","PeeringDB / RIR country resources; resolve current network/IXP identity at deployment time","https://www.peeringdb.org/","Preference tier, not a performance or safety guarantee."
"PF","French Polynesia","3","regional_carrier","French Polynesia — Regional carrier / upstream ISP anchor","4","role-anchor","PeeringDB / RIR country resources; resolve current network/IXP identity at deployment time","https://www.peeringdb.org/","Preference tier, not a performance or safety guarantee."
"PF","French Polynesia","4","international_dc","French Polynesia — International carrier / data-center interconnect anchor","4","role-anchor","PeeringDB / RIR country resources; resolve current network/IXP identity at deployment time","https://www.peeringdb.org/","Preference tier, not a performance or safety guarantee."
"TF","French Southern Territories","1","national_backbone","French Southern Territories — National backbone / primary ISP anchor","5","role-anchor","PeeringDB / RIR country resources; resolve current network/IXP identity at deployment time","https://www.peeringdb.org/","Preference tier, not a performance or safety guarantee."
"TF","French Southern Territories","2","national_ixp","French Southern Territories — National or primary Internet Exchange anchor","5","role-anchor","PeeringDB / RIR country resources; resolve current network/IXP identity at deployment time","https://www.peeringdb.org/","Preference tier, not a performance or safety guarantee."
"TF","French Southern Territories","3","regional_carrier","French Southern Territories — Regional carrier / upstream ISP anchor","4","role-anchor","PeeringDB / RIR country resources; resolve current network/IXP identity at deployment time","https://www.peeringdb.org/","Preference tier, not a performance or safety guarantee."
"TF","French Southern Territories","4","international_dc","French Southern Territories — International carrier / data-center interconnect anchor","4","role-anchor","PeeringDB / RIR country resources; resolve current network/IXP identity at deployment time","https://www.peeringdb.org/","Preference tier, not a performance or safety guarantee."
"GA","Gabon","1","national_backbone","Gabon — National backbone / primary ISP anchor","5","role-anchor","PeeringDB / RIR country resources; resolve current network/IXP identity at deployment time","https://www.peeringdb.org/","Preference tier, not a performance or safety guarantee."
"GA","Gabon","2","national_ixp","Gabon — National or primary Internet Exchange anchor","5","role-anchor","PeeringDB / RIR country resources; resolve current network/IXP identity at deployment time","https://www.peeringdb.org/","Preference tier, not a performance or safety guarantee."
"GA","Gabon","3","regional_carrier","Gabon — Regional carrier / upstream ISP anchor","4","role-anchor","PeeringDB / RIR country resources; resolve current network/IXP identity at deployment time","https://www.peeringdb.org/","Preference tier, not a performance or safety guarantee."
"GA","Gabon","4","international_dc","Gabon — International carrier / data-center interconnect anchor","4","role-anchor","PeeringDB / RIR country resources; resolve current network/IXP identity at deployment time","https://www.peeringdb.org/","Preference tier, not a performance or safety guarantee."
"GM","Gambia","1","national_backbone","Gambia — National backbone / primary ISP anchor","5","role-anchor","PeeringDB / RIR country resources; resolve current network/IXP identity at deployment time","https://www.peeringdb.org/","Preference tier, not a performance or safety guarantee."
"GM","Gambia","2","national_ixp","Gambia — National or primary Internet Exchange anchor","5","role-anchor","PeeringDB / RIR country resources; resolve current network/IXP identity at deployment time","https://www.peeringdb.org/","Preference tier, not a performance or safety guarantee."
"GM","Gambia","3","regional_carrier","Gambia — Regional carrier / upstream ISP anchor","4","role-anchor","PeeringDB / RIR country resources; resolve current network/IXP identity at deployment time","https://www.peeringdb.org/","Preference tier, not a performance or safety guarantee."
"GM","Gambia","4","international_dc","Gambia — International carrier / data-center interconnect anchor","4","role-anchor","PeeringDB / RIR country resources; resolve current network/IXP identity at deployment time","https://www.peeringdb.org/","Preference tier, not a performance or safety guarantee."
"GE","Georgia","1","national_backbone","Georgia — National backbone / primary ISP anchor","5","role-anchor","PeeringDB / RIR country resources; resolve current network/IXP identity at deployment time","https://www.peeringdb.org/","Preference tier, not a performance or safety guarantee."
"GE","Georgia","2","national_ixp","Georgia — National or primary Internet Exchange anchor","5","role-anchor","PeeringDB / RIR country resources; resolve current network/IXP identity at deployment time","https://www.peeringdb.org/","Preference tier, not a performance or safety guarantee."
"GE","Georgia","3","regional_carrier","Georgia — Regional carrier / upstream ISP anchor","4","role-anchor","PeeringDB / RIR country resources; resolve current network/IXP identity at deployment time","https://www.peeringdb.org/","Preference tier, not a performance or safety guarantee."
"GE","Georgia","4","international_dc","Georgia — International carrier / data-center interconnect anchor","4","role-anchor","PeeringDB / RIR country resources; resolve current network/IXP identity at deployment time","https://www.peeringdb.org/","Preference tier, not a performance or safety guarantee."
"DE","Germany","1","national_backbone","Germany — National backbone / primary ISP anchor","5","role-anchor","PeeringDB / RIR country resources; resolve current network/IXP identity at deployment time","https://www.peeringdb.org/","Preference tier, not a performance or safety guarantee."
"DE","Germany","2","national_ixp","Germany — National or primary Internet Exchange anchor","5","role-anchor","PeeringDB / RIR country resources; resolve current network/IXP identity at deployment time","https://www.peeringdb.org/","Preference tier, not a performance or safety guarantee."
"DE","Germany","3","regional_carrier","Germany — Regional carrier / upstream ISP anchor","4","role-anchor","PeeringDB / RIR country resources; resolve current network/IXP identity at deployment time","https://www.peeringdb.org/","Preference tier, not a performance or safety guarantee."
"DE","Germany","4","international_dc","Germany — International carrier / data-center interconnect anchor","4","role-anchor","PeeringDB / RIR country resources; resolve current network/IXP identity at deployment time","https://www.peeringdb.org/","Preference tier, not a performance or safety guarantee."
"GH","Ghana","1","national_backbone","Ghana — National backbone / primary ISP anchor","5","role-anchor","PeeringDB / RIR country resources; resolve current network/IXP identity at deployment time","https://www.peeringdb.org/","Preference tier, not a performance or safety guarantee."
"GH","Ghana","2","national_ixp","Ghana — National or primary Internet Exchange anchor","5","role-anchor","PeeringDB / RIR country resources; resolve current network/IXP identity at deployment time","https://www.peeringdb.org/","Preference tier, not a performance or safety guarantee."
"GH","Ghana","3","regional_carrier","Ghana — Regional carrier / upstream ISP anchor","4","role-anchor","PeeringDB / RIR country resources; resolve current network/IXP identity at deployment time","https://www.peeringdb.org/","Preference tier, not a performance or safety guarantee."
"GH","Ghana","4","international_dc","Ghana — International carrier / data-center interconnect anchor","4","role-anchor","PeeringDB / RIR country resources; resolve current network/IXP identity at deployment time","https://www.peeringdb.org/","Preference tier, not a performance or safety guarantee."
"GI","Gibraltar","1","national_backbone","Gibraltar — National backbone / primary ISP anchor","5","role-anchor","PeeringDB / RIR country resources; resolve current network/IXP identity at deployment time","https://www.peeringdb.org/","Preference tier, not a performance or safety guarantee."
"GI","Gibraltar","2","national_ixp","Gibraltar — National or primary Internet Exchange anchor","5","role-anchor","PeeringDB / RIR country resources; resolve current network/IXP identity at deployment time","https://www.peeringdb.org/","Preference tier, not a performance or safety guarantee."
"GI","Gibraltar","3","regional_carrier","Gibraltar — Regional carrier / upstream ISP anchor","4","role-anchor","PeeringDB / RIR country resources; resolve current network/IXP identity at deployment time","https://www.peeringdb.org/","Preference tier, not a performance or safety guarantee."
"GI","Gibraltar","4","international_dc","Gibraltar — International carrier / data-center interconnect anchor","4","role-anchor","PeeringDB / RIR country resources; resolve current network/IXP identity at deployment time","https://www.peeringdb.org/","Preference tier, not a performance or safety guarantee."
"GR","Greece","1","national_backbone","Greece — National backbone / primary ISP anchor","5","role-anchor","PeeringDB / RIR country resources; resolve current network/IXP identity at deployment time","https://www.peeringdb.org/","Preference tier, not a performance or safety guarantee."
"GR","Greece","2","national_ixp","Greece — National or primary Internet Exchange anchor","5","role-anchor","PeeringDB / RIR country resources; resolve current network/IXP identity at deployment time","https://www.peeringdb.org/","Preference tier, not a performance or safety guarantee."
"GR","Greece","3","regional_carrier","Greece — Regional carrier / upstream ISP anchor","4","role-anchor","PeeringDB / RIR country resources; resolve current network/IXP identity at deployment time","https://www.peeringdb.org/","Preference tier, not a performance or safety guarantee."
"GR","Greece","4","international_dc","Greece — International carrier / data-center interconnect anchor","4","role-anchor","PeeringDB / RIR country resources; resolve current network/IXP identity at deployment time","https://www.peeringdb.org/","Preference tier, not a performance or safety guarantee."
"GL","Greenland","1","national_backbone","Greenland — National backbone / primary ISP anchor","5","role-anchor","PeeringDB / RIR country resources; resolve current network/IXP identity at deployment time","https://www.peeringdb.org/","Preference tier, not a performance or safety guarantee."
"GL","Greenland","2","national_ixp","Greenland — National or primary Internet Exchange anchor","5","role-anchor","PeeringDB / RIR country resources; resolve current network/IXP identity at deployment time","https://www.peeringdb.org/","Preference tier, not a performance or safety guarantee."
"GL","Greenland","3","regional_carrier","Greenland — Regional carrier / upstream ISP anchor","4","role-anchor","PeeringDB / RIR country resources; resolve current network/IXP identity at deployment time","https://www.peeringdb.org/","Preference tier, not a performance or safety guarantee."
"GL","Greenland","4","international_dc","Greenland — International carrier / data-center interconnect anchor","4","role-anchor","PeeringDB / RIR country resources; resolve current network/IXP identity at deployment time","https://www.peeringdb.org/","Preference tier, not a performance or safety guarantee."
"GD","Grenada","1","national_backbone","Grenada — National backbone / primary ISP anchor","5","role-anchor","PeeringDB / RIR country resources; resolve current network/IXP identity at deployment time","https://www.peeringdb.org/","Preference tier, not a performance or safety guarantee."
"GD","Grenada","2","national_ixp","Grenada — National or primary Internet Exchange anchor","5","role-anchor","PeeringDB / RIR country resources; resolve current network/IXP identity at deployment time","https://www.peeringdb.org/","Preference tier, not a performance or safety guarantee."
"GD","Grenada","3","regional_carrier","Grenada — Regional carrier / upstream ISP anchor","4","role-anchor","PeeringDB / RIR country resources; resolve current network/IXP identity at deployment time","https://www.peeringdb.org/","Preference tier, not a performance or safety guarantee."
"GD","Grenada","4","international_dc","Grenada — International carrier / data-center interconnect anchor","4","role-anchor","PeeringDB / RIR country resources; resolve current network/IXP identity at deployment time","https://www.peeringdb.org/","Preference tier, not a performance or safety guarantee."
"GP","Guadeloupe","1","national_backbone","Guadeloupe — National backbone / primary ISP anchor","5","role-anchor","PeeringDB / RIR country resources; resolve current network/IXP identity at deployment time","https://www.peeringdb.org/","Preference tier, not a performance or safety guarantee."
"GP","Guadeloupe","2","national_ixp","Guadeloupe — National or primary Internet Exchange anchor","5","role-anchor","PeeringDB / RIR country resources; resolve current network/IXP identity at deployment time","https://www.peeringdb.org/","Preference tier, not a performance or safety guarantee."
"GP","Guadeloupe","3","regional_carrier","Guadeloupe — Regional carrier / upstream ISP anchor","4","role-anchor","PeeringDB / RIR country resources; resolve current network/IXP identity at deployment time","https://www.peeringdb.org/","Preference tier, not a performance or safety guarantee."
"GP","Guadeloupe","4","international_dc","Guadeloupe — International carrier / data-center interconnect anchor","4","role-anchor","PeeringDB / RIR country resources; resolve current network/IXP identity at deployment time","https://www.peeringdb.org/","Preference tier, not a performance or safety guarantee."
"GU","Guam","1","national_backbone","Guam — National backbone / primary ISP anchor","5","role-anchor","PeeringDB / RIR country resources; resolve current network/IXP identity at deployment time","https://www.peeringdb.org/","Preference tier, not a performance or safety guarantee."
"GU","Guam","2","national_ixp","Guam — National or primary Internet Exchange anchor","5","role-anchor","PeeringDB / RIR country resources; resolve current network/IXP identity at deployment time","https://www.peeringdb.org/","Preference tier, not a performance or safety guarantee."
"GU","Guam","3","regional_carrier","Guam — Regional carrier / upstream ISP anchor","4","role-anchor","PeeringDB / RIR country resources; resolve current network/IXP identity at deployment time","https://www.peeringdb.org/","Preference tier, not a performance or safety guarantee."
"GU","Guam","4","international_dc","Guam — International carrier / data-center interconnect anchor","4","role-anchor","PeeringDB / RIR country resources; resolve current network/IXP identity at deployment time","https://www.peeringdb.org/","Preference tier, not a performance or safety guarantee."
"GT","Guatemala","1","national_backbone","Guatemala — National backbone / primary ISP anchor","5","role-anchor","PeeringDB / RIR country resources; resolve current network/IXP identity at deployment time","https://www.peeringdb.org/","Preference tier, not a performance or safety guarantee."
"GT","Guatemala","2","national_ixp","Guatemala — National or primary Internet Exchange anchor","5","role-anchor","PeeringDB / RIR country resources; resolve current network/IXP identity at deployment time","https://www.peeringdb.org/","Preference tier, not a performance or safety guarantee."
"GT","Guatemala","3","regional_carrier","Guatemala — Regional carrier / upstream ISP anchor","4","role-anchor","PeeringDB / RIR country resources; resolve current network/IXP identity at deployment time","https://www.peeringdb.org/","Preference tier, not a performance or safety guarantee."
"GT","Guatemala","4","international_dc","Guatemala — International carrier / data-center interconnect anchor","4","role-anchor","PeeringDB / RIR country resources; resolve current network/IXP identity at deployment time","https://www.peeringdb.org/","Preference tier, not a performance or safety guarantee."
"GG","Guernsey","1","national_backbone","Guernsey — National backbone / primary ISP anchor","5","role-anchor","PeeringDB / RIR country resources; resolve current network/IXP identity at deployment time","https://www.peeringdb.org/","Preference tier, not a performance or safety guarantee."
"GG","Guernsey","2","national_ixp","Guernsey — National or primary Internet Exchange anchor","5","role-anchor","PeeringDB / RIR country resources; resolve current network/IXP identity at deployment time","https://www.peeringdb.org/","Preference tier, not a performance or safety guarantee."
"GG","Guernsey","3","regional_carrier","Guernsey — Regional carrier / upstream ISP anchor","4","role-anchor","PeeringDB / RIR country resources; resolve current network/IXP identity at deployment time","https://www.peeringdb.org/","Preference tier, not a performance or safety guarantee."
"GG","Guernsey","4","international_dc","Guernsey — International carrier / data-center interconnect anchor","4","role-anchor","PeeringDB / RIR country resources; resolve current network/IXP identity at deployment time","https://www.peeringdb.org/","Preference tier, not a performance or safety guarantee."
"GN","Guinea","1","national_backbone","Guinea — National backbone / primary ISP anchor","5","role-anchor","PeeringDB / RIR country resources; resolve current network/IXP identity at deployment time","https://www.peeringdb.org/","Preference tier, not a performance or safety guarantee."
"GN","Guinea","2","national_ixp","Guinea — National or primary Internet Exchange anchor","5","role-anchor","PeeringDB / RIR country resources; resolve current network/IXP identity at deployment time","https://www.peeringdb.org/","Preference tier, not a performance or safety guarantee."
"GN","Guinea","3","regional_carrier","Guinea — Regional carrier / upstream ISP anchor","4","role-anchor","PeeringDB / RIR country resources; resolve current network/IXP identity at deployment time","https://www.peeringdb.org/","Preference tier, not a performance or safety guarantee."
"GN","Guinea","4","international_dc","Guinea — International carrier / data-center interconnect anchor","4","role-anchor","PeeringDB / RIR country resources; resolve current network/IXP identity at deployment time","https://www.peeringdb.org/","Preference tier, not a performance or safety guarantee."
"GW","Guinea-Bissau","1","national_backbone","Guinea-Bissau — National backbone / primary ISP anchor","5","role-anchor","PeeringDB / RIR country resources; resolve current network/IXP identity at deployment time","https://www.peeringdb.org/","Preference tier, not a performance or safety guarantee."
"GW","Guinea-Bissau","2","national_ixp","Guinea-Bissau — National or primary Internet Exchange anchor","5","role-anchor","PeeringDB / RIR country resources; resolve current network/IXP identity at deployment time","https://www.peeringdb.org/","Preference tier, not a performance or safety guarantee."
"GW","Guinea-Bissau","3","regional_carrier","Guinea-Bissau — Regional carrier / upstream ISP anchor","4","role-anchor","PeeringDB / RIR country resources; resolve current network/IXP identity at deployment time","https://www.peeringdb.org/","Preference tier, not a performance or safety guarantee."
"GW","Guinea-Bissau","4","international_dc","Guinea-Bissau — International carrier / data-center interconnect anchor","4","role-anchor","PeeringDB / RIR country resources; resolve current network/IXP identity at deployment time","https://www.peeringdb.org/","Preference tier, not a performance or safety guarantee."
"GY","Guyana","1","national_backbone","Guyana — National backbone / primary ISP anchor","5","role-anchor","PeeringDB / RIR country resources; resolve current network/IXP identity at deployment time","https://www.peeringdb.org/","Preference tier, not a performance or safety guarantee."
"GY","Guyana","2","national_ixp","Guyana — National or primary Internet Exchange anchor","5","role-anchor","PeeringDB / RIR country resources; resolve current network/IXP identity at deployment time","https://www.peeringdb.org/","Preference tier, not a performance or safety guarantee."
"GY","Guyana","3","regional_carrier","Guyana — Regional carrier / upstream ISP anchor","4","role-anchor","PeeringDB / RIR country resources; resolve current network/IXP identity at deployment time","https://www.peeringdb.org/","Preference tier, not a performance or safety guarantee."
"GY","Guyana","4","international_dc","Guyana — International carrier / data-center interconnect anchor","4","role-anchor","PeeringDB / RIR country resources; resolve current network/IXP identity at deployment time","https://www.peeringdb.org/","Preference tier, not a performance or safety guarantee."
"HT","Haiti","1","national_backbone","Haiti — National backbone / primary ISP anchor","5","role-anchor","PeeringDB / RIR country resources; resolve current network/IXP identity at deployment time","https://www.peeringdb.org/","Preference tier, not a performance or safety guarantee."
"HT","Haiti","2","national_ixp","Haiti — National or primary Internet Exchange anchor","5","role-anchor","PeeringDB / RIR country resources; resolve current network/IXP identity at deployment time","https://www.peeringdb.org/","Preference tier, not a performance or safety guarantee."
"HT","Haiti","3","regional_carrier","Haiti — Regional carrier / upstream ISP anchor","4","role-anchor","PeeringDB / RIR country resources; resolve current network/IXP identity at deployment time","https://www.peeringdb.org/","Preference tier, not a performance or safety guarantee."
"HT","Haiti","4","international_dc","Haiti — International carrier / data-center interconnect anchor","4","role-anchor","PeeringDB / RIR country resources; resolve current network/IXP identity at deployment time","https://www.peeringdb.org/","Preference tier, not a performance or safety guarantee."
"HM","Heard Island and McDonald Islands","1","national_backbone","Heard Island and McDonald Islands — National backbone / primary ISP anchor","5","role-anchor","PeeringDB / RIR country resources; resolve current network/IXP identity at deployment time","https://www.peeringdb.org/","Preference tier, not a performance or safety guarantee."
"HM","Heard Island and McDonald Islands","2","national_ixp","Heard Island and McDonald Islands — National or primary Internet Exchange anchor","5","role-anchor","PeeringDB / RIR country resources; resolve current network/IXP identity at deployment time","https://www.peeringdb.org/","Preference tier, not a performance or safety guarantee."
"HM","Heard Island and McDonald Islands","3","regional_carrier","Heard Island and McDonald Islands — Regional carrier / upstream ISP anchor","4","role-anchor","PeeringDB / RIR country resources; resolve current network/IXP identity at deployment time","https://www.peeringdb.org/","Preference tier, not a performance or safety guarantee."
"HM","Heard Island and McDonald Islands","4","international_dc","Heard Island and McDonald Islands — International carrier / data-center interconnect anchor","4","role-anchor","PeeringDB / RIR country resources; resolve current network/IXP identity at deployment time","https://www.peeringdb.org/","Preference tier, not a performance or safety guarantee."
"VA","Holy See (Vatican City State)","1","national_backbone","Holy See (Vatican City State) — National backbone / primary ISP anchor","5","role-anchor","PeeringDB / RIR country resources; resolve current network/IXP identity at deployment time","https://www.peeringdb.org/","Preference tier, not a performance or safety guarantee."
"VA","Holy See (Vatican City State)","2","national_ixp","Holy See (Vatican City State) — National or primary Internet Exchange anchor","5","role-anchor","PeeringDB / RIR country resources; resolve current network/IXP identity at deployment time","https://www.peeringdb.org/","Preference tier, not a performance or safety guarantee."
"VA","Holy See (Vatican City State)","3","regional_carrier","Holy See (Vatican City State) — Regional carrier / upstream ISP anchor","4","role-anchor","PeeringDB / RIR country resources; resolve current network/IXP identity at deployment time","https://www.peeringdb.org/","Preference tier, not a performance or safety guarantee."
"VA","Holy See (Vatican City State)","4","international_dc","Holy See (Vatican City State) — International carrier / data-center interconnect anchor","4","role-anchor","PeeringDB / RIR country resources; resolve current network/IXP identity at deployment time","https://www.peeringdb.org/","Preference tier, not a performance or safety guarantee."
"HN","Honduras","1","national_backbone","Honduras — National backbone / primary ISP anchor","5","role-anchor","PeeringDB / RIR country resources; resolve current network/IXP identity at deployment time","https://www.peeringdb.org/","Preference tier, not a performance or safety guarantee."
"HN","Honduras","2","national_ixp","Honduras — National or primary Internet Exchange anchor","5","role-anchor","PeeringDB / RIR country resources; resolve current network/IXP identity at deployment time","https://www.peeringdb.org/","Preference tier, not a performance or safety guarantee."
"HN","Honduras","3","regional_carrier","Honduras — Regional carrier / upstream ISP anchor","4","role-anchor","PeeringDB / RIR country resources; resolve current network/IXP identity at deployment time","https://www.peeringdb.org/","Preference tier, not a performance or safety guarantee."
"HN","Honduras","4","international_dc","Honduras — International carrier / data-center interconnect anchor","4","role-anchor","PeeringDB / RIR country resources; resolve current network/IXP identity at deployment time","https://www.peeringdb.org/","Preference tier, not a performance or safety guarantee."
"HK","Hong Kong","1","national_backbone","Hong Kong — National backbone / primary ISP anchor","5","role-anchor","PeeringDB / RIR country resources; resolve current network/IXP identity at deployment time","https://www.peeringdb.org/","Preference tier, not a performance or safety guarantee."
"HK","Hong Kong","2","national_ixp","Hong Kong — National or primary Internet Exchange anchor","5","role-anchor","PeeringDB / RIR country resources; resolve current network/IXP identity at deployment time","https://www.peeringdb.org/","Preference tier, not a performance or safety guarantee."
"HK","Hong Kong","3","regional_carrier","Hong Kong — Regional carrier / upstream ISP anchor","4","role-anchor","PeeringDB / RIR country resources; resolve current network/IXP identity at deployment time","https://www.peeringdb.org/","Preference tier, not a performance or safety guarantee."
"HK","Hong Kong","4","international_dc","Hong Kong — International carrier / data-center interconnect anchor","4","role-anchor","PeeringDB / RIR country resources; resolve current network/IXP identity at deployment time","https://www.peeringdb.org/","Preference tier, not a performance or safety guarantee."
"HU","Hungary","1","national_backbone","Hungary — National backbone / primary ISP anchor","5","role-anchor","PeeringDB / RIR country resources; resolve current network/IXP identity at deployment time","https://www.peeringdb.org/","Preference tier, not a performance or safety guarantee."
"HU","Hungary","2","national_ixp","Hungary — National or primary Internet Exchange anchor","5","role-anchor","PeeringDB / RIR country resources; resolve current network/IXP identity at deployment time","https://www.peeringdb.org/","Preference tier, not a performance or safety guarantee."
"HU","Hungary","3","regional_carrier","Hungary — Regional carrier / upstream ISP anchor","4","role-anchor","PeeringDB / RIR country resources; resolve current network/IXP identity at deployment time","https://www.peeringdb.org/","Preference tier, not a performance or safety guarantee."
"HU","Hungary","4","international_dc","Hungary — International carrier / data-center interconnect anchor","4","role-anchor","PeeringDB / RIR country resources; resolve current network/IXP identity at deployment time","https://www.peeringdb.org/","Preference tier, not a performance or safety guarantee."
"IS","Iceland","1","national_backbone","Iceland — National backbone / primary ISP anchor","5","role-anchor","PeeringDB / RIR country resources; resolve current network/IXP identity at deployment time","https://www.peeringdb.org/","Preference tier, not a performance or safety guarantee."
"IS","Iceland","2","national_ixp","Iceland — National or primary Internet Exchange anchor","5","role-anchor","PeeringDB / RIR country resources; resolve current network/IXP identity at deployment time","https://www.peeringdb.org/","Preference tier, not a performance or safety guarantee."
"IS","Iceland","3","regional_carrier","Iceland — Regional carrier / upstream ISP anchor","4","role-anchor","PeeringDB / RIR country resources; resolve current network/IXP identity at deployment time","https://www.peeringdb.org/","Preference tier, not a performance or safety guarantee."
"IS","Iceland","4","international_dc","Iceland — International carrier / data-center interconnect anchor","4","role-anchor","PeeringDB / RIR country resources; resolve current network/IXP identity at deployment time","https://www.peeringdb.org/","Preference tier, not a performance or safety guarantee."
"IN","India","1","national_backbone","India — National backbone / primary ISP anchor","5","role-anchor","PeeringDB / RIR country resources; resolve current network/IXP identity at deployment time","https://www.peeringdb.org/","Preference tier, not a performance or safety guarantee."
"IN","India","2","national_ixp","India — National or primary Internet Exchange anchor","5","role-anchor","PeeringDB / RIR country resources; resolve current network/IXP identity at deployment time","https://www.peeringdb.org/","Preference tier, not a performance or safety guarantee."
"IN","India","3","regional_carrier","India — Regional carrier / upstream ISP anchor","4","role-anchor","PeeringDB / RIR country resources; resolve current network/IXP identity at deployment time","https://www.peeringdb.org/","Preference tier, not a performance or safety guarantee."
"IN","India","4","international_dc","India — International carrier / data-center interconnect anchor","4","role-anchor","PeeringDB / RIR country resources; resolve current network/IXP identity at deployment time","https://www.peeringdb.org/","Preference tier, not a performance or safety guarantee."
"ID","Indonesia","1","national_backbone","Indonesia — National backbone / primary ISP anchor","5","role-anchor","PeeringDB / RIR country resources; resolve current network/IXP identity at deployment time","https://www.peeringdb.org/","Preference tier, not a performance or safety guarantee."
"ID","Indonesia","2","national_ixp","Indonesia — National or primary Internet Exchange anchor","5","role-anchor","PeeringDB / RIR country resources; resolve current network/IXP identity at deployment time","https://www.peeringdb.org/","Preference tier, not a performance or safety guarantee."
"ID","Indonesia","3","regional_carrier","Indonesia — Regional carrier / upstream ISP anchor","4","role-anchor","PeeringDB / RIR country resources; resolve current network/IXP identity at deployment time","https://www.peeringdb.org/","Preference tier, not a performance or safety guarantee."
"ID","Indonesia","4","international_dc","Indonesia — International carrier / data-center interconnect anchor","4","role-anchor","PeeringDB / RIR country resources; resolve current network/IXP identity at deployment time","https://www.peeringdb.org/","Preference tier, not a performance or safety guarantee."
"IR","Iran, Islamic Republic of","1","national_backbone","Iran, Islamic Republic of — National backbone / primary ISP anchor","5","role-anchor","PeeringDB / RIR country resources; resolve current network/IXP identity at deployment time","https://www.peeringdb.org/","Preference tier, not a performance or safety guarantee."
"IR","Iran, Islamic Republic of","2","national_ixp","Iran, Islamic Republic of — National or primary Internet Exchange anchor","5","role-anchor","PeeringDB / RIR country resources; resolve current network/IXP identity at deployment time","https://www.peeringdb.org/","Preference tier, not a performance or safety guarantee."
"IR","Iran, Islamic Republic of","3","regional_carrier","Iran, Islamic Republic of — Regional carrier / upstream ISP anchor","4","role-anchor","PeeringDB / RIR country resources; resolve current network/IXP identity at deployment time","https://www.peeringdb.org/","Preference tier, not a performance or safety guarantee."
"IR","Iran, Islamic Republic of","4","international_dc","Iran, Islamic Republic of — International carrier / data-center interconnect anchor","4","role-anchor","PeeringDB / RIR country resources; resolve current network/IXP identity at deployment time","https://www.peeringdb.org/","Preference tier, not a performance or safety guarantee."
"IQ","Iraq","1","national_backbone","Iraq — National backbone / primary ISP anchor","5","role-anchor","PeeringDB / RIR country resources; resolve current network/IXP identity at deployment time","https://www.peeringdb.org/","Preference tier, not a performance or safety guarantee."
"IQ","Iraq","2","national_ixp","Iraq — National or primary Internet Exchange anchor","5","role-anchor","PeeringDB / RIR country resources; resolve current network/IXP identity at deployment time","https://www.peeringdb.org/","Preference tier, not a performance or safety guarantee."
"IQ","Iraq","3","regional_carrier","Iraq — Regional carrier / upstream ISP anchor","4","role-anchor","PeeringDB / RIR country resources; resolve current network/IXP identity at deployment time","https://www.peeringdb.org/","Preference tier, not a performance or safety guarantee."
"IQ","Iraq","4","international_dc","Iraq — International carrier / data-center interconnect anchor","4","role-anchor","PeeringDB / RIR country resources; resolve current network/IXP identity at deployment time","https://www.peeringdb.org/","Preference tier, not a performance or safety guarantee."
"IE","Ireland","1","national_backbone","Ireland — National backbone / primary ISP anchor","5","role-anchor","PeeringDB / RIR country resources; resolve current network/IXP identity at deployment time","https://www.peeringdb.org/","Preference tier, not a performance or safety guarantee."
"IE","Ireland","2","national_ixp","Ireland — National or primary Internet Exchange anchor","5","role-anchor","PeeringDB / RIR country resources; resolve current network/IXP identity at deployment time","https://www.peeringdb.org/","Preference tier, not a performance or safety guarantee."
"IE","Ireland","3","regional_carrier","Ireland — Regional carrier / upstream ISP anchor","4","role-anchor","PeeringDB / RIR country resources; resolve current network/IXP identity at deployment time","https://www.peeringdb.org/","Preference tier, not a performance or safety guarantee."
"IE","Ireland","4","international_dc","Ireland — International carrier / data-center interconnect anchor","4","role-anchor","PeeringDB / RIR country resources; resolve current network/IXP identity at deployment time","https://www.peeringdb.org/","Preference tier, not a performance or safety guarantee."
"IM","Isle of Man","1","national_backbone","Isle of Man — National backbone / primary ISP anchor","5","role-anchor","PeeringDB / RIR country resources; resolve current network/IXP identity at deployment time","https://www.peeringdb.org/","Preference tier, not a performance or safety guarantee."
"IM","Isle of Man","2","national_ixp","Isle of Man — National or primary Internet Exchange anchor","5","role-anchor","PeeringDB / RIR country resources; resolve current network/IXP identity at deployment time","https://www.peeringdb.org/","Preference tier, not a performance or safety guarantee."
"IM","Isle of Man","3","regional_carrier","Isle of Man — Regional carrier / upstream ISP anchor","4","role-anchor","PeeringDB / RIR country resources; resolve current network/IXP identity at deployment time","https://www.peeringdb.org/","Preference tier, not a performance or safety guarantee."
"IM","Isle of Man","4","international_dc","Isle of Man — International carrier / data-center interconnect anchor","4","role-anchor","PeeringDB / RIR country resources; resolve current network/IXP identity at deployment time","https://www.peeringdb.org/","Preference tier, not a performance or safety guarantee."
"IL","Israel","1","national_backbone","Israel — National backbone / primary ISP anchor","5","role-anchor","PeeringDB / RIR country resources; resolve current network/IXP identity at deployment time","https://www.peeringdb.org/","Preference tier, not a performance or safety guarantee."
"IL","Israel","2","national_ixp","Israel — National or primary Internet Exchange anchor","5","role-anchor","PeeringDB / RIR country resources; resolve current network/IXP identity at deployment time","https://www.peeringdb.org/","Preference tier, not a performance or safety guarantee."
"IL","Israel","3","regional_carrier","Israel — Regional carrier / upstream ISP anchor","4","role-anchor","PeeringDB / RIR country resources; resolve current network/IXP identity at deployment time","https://www.peeringdb.org/","Preference tier, not a performance or safety guarantee."
"IL","Israel","4","international_dc","Israel — International carrier / data-center interconnect anchor","4","role-anchor","PeeringDB / RIR country resources; resolve current network/IXP identity at deployment time","https://www.peeringdb.org/","Preference tier, not a performance or safety guarantee."
"IT","Italy","1","national_backbone","Italy — National backbone / primary ISP anchor","5","role-anchor","PeeringDB / RIR country resources; resolve current network/IXP identity at deployment time","https://www.peeringdb.org/","Preference tier, not a performance or safety guarantee."
"IT","Italy","2","national_ixp","Italy — National or primary Internet Exchange anchor","5","role-anchor","PeeringDB / RIR country resources; resolve current network/IXP identity at deployment time","https://www.peeringdb.org/","Preference tier, not a performance or safety guarantee."
"IT","Italy","3","regional_carrier","Italy — Regional carrier / upstream ISP anchor","4","role-anchor","PeeringDB / RIR country resources; resolve current network/IXP identity at deployment time","https://www.peeringdb.org/","Preference tier, not a performance or safety guarantee."
"IT","Italy","4","international_dc","Italy — International carrier / data-center interconnect anchor","4","role-anchor","PeeringDB / RIR country resources; resolve current network/IXP identity at deployment time","https://www.peeringdb.org/","Preference tier, not a performance or safety guarantee."
"JM","Jamaica","1","national_backbone","Jamaica — National backbone / primary ISP anchor","5","role-anchor","PeeringDB / RIR country resources; resolve current network/IXP identity at deployment time","https://www.peeringdb.org/","Preference tier, not a performance or safety guarantee."
"JM","Jamaica","2","national_ixp","Jamaica — National or primary Internet Exchange anchor","5","role-anchor","PeeringDB / RIR country resources; resolve current network/IXP identity at deployment time","https://www.peeringdb.org/","Preference tier, not a performance or safety guarantee."
"JM","Jamaica","3","regional_carrier","Jamaica — Regional carrier / upstream ISP anchor","4","role-anchor","PeeringDB / RIR country resources; resolve current network/IXP identity at deployment time","https://www.peeringdb.org/","Preference tier, not a performance or safety guarantee."
"JM","Jamaica","4","international_dc","Jamaica — International carrier / data-center interconnect anchor","4","role-anchor","PeeringDB / RIR country resources; resolve current network/IXP identity at deployment time","https://www.peeringdb.org/","Preference tier, not a performance or safety guarantee."
"JP","Japan","1","national_backbone","Japan — National backbone / primary ISP anchor","5","role-anchor","PeeringDB / RIR country resources; resolve current network/IXP identity at deployment time","https://www.peeringdb.org/","Preference tier, not a performance or safety guarantee."
"JP","Japan","2","national_ixp","Japan — National or primary Internet Exchange anchor","5","role-anchor","PeeringDB / RIR country resources; resolve current network/IXP identity at deployment time","https://www.peeringdb.org/","Preference tier, not a performance or safety guarantee."
"JP","Japan","3","regional_carrier","Japan — Regional carrier / upstream ISP anchor","4","role-anchor","PeeringDB / RIR country resources; resolve current network/IXP identity at deployment time","https://www.peeringdb.org/","Preference tier, not a performance or safety guarantee."
"JP","Japan","4","international_dc","Japan — International carrier / data-center interconnect anchor","4","role-anchor","PeeringDB / RIR country resources; resolve current network/IXP identity at deployment time","https://www.peeringdb.org/","Preference tier, not a performance or safety guarantee."
"JE","Jersey","1","national_backbone","Jersey — National backbone / primary ISP anchor","5","role-anchor","PeeringDB / RIR country resources; resolve current network/IXP identity at deployment time","https://www.peeringdb.org/","Preference tier, not a performance or safety guarantee."
"JE","Jersey","2","national_ixp","Jersey — National or primary Internet Exchange anchor","5","role-anchor","PeeringDB / RIR country resources; resolve current network/IXP identity at deployment time","https://www.peeringdb.org/","Preference tier, not a performance or safety guarantee."
"JE","Jersey","3","regional_carrier","Jersey — Regional carrier / upstream ISP anchor","4","role-anchor","PeeringDB / RIR country resources; resolve current network/IXP identity at deployment time","https://www.peeringdb.org/","Preference tier, not a performance or safety guarantee."
"JE","Jersey","4","international_dc","Jersey — International carrier / data-center interconnect anchor","4","role-anchor","PeeringDB / RIR country resources; resolve current network/IXP identity at deployment time","https://www.peeringdb.org/","Preference tier, not a performance or safety guarantee."
"JO","Jordan","1","national_backbone","Jordan — National backbone / primary ISP anchor","5","role-anchor","PeeringDB / RIR country resources; resolve current network/IXP identity at deployment time","https://www.peeringdb.org/","Preference tier, not a performance or safety guarantee."
"JO","Jordan","2","national_ixp","Jordan — National or primary Internet Exchange anchor","5","role-anchor","PeeringDB / RIR country resources; resolve current network/IXP identity at deployment time","https://www.peeringdb.org/","Preference tier, not a performance or safety guarantee."
"JO","Jordan","3","regional_carrier","Jordan — Regional carrier / upstream ISP anchor","4","role-anchor","PeeringDB / RIR country resources; resolve current network/IXP identity at deployment time","https://www.peeringdb.org/","Preference tier, not a performance or safety guarantee."
"JO","Jordan","4","international_dc","Jordan — International carrier / data-center interconnect anchor","4","role-anchor","PeeringDB / RIR country resources; resolve current network/IXP identity at deployment time","https://www.peeringdb.org/","Preference tier, not a performance or safety guarantee."
"KZ","Kazakhstan","1","national_backbone","Kazakhstan — National backbone / primary ISP anchor","5","role-anchor","PeeringDB / RIR country resources; resolve current network/IXP identity at deployment time","https://www.peeringdb.org/","Preference tier, not a performance or safety guarantee."
"KZ","Kazakhstan","2","national_ixp","Kazakhstan — National or primary Internet Exchange anchor","5","role-anchor","PeeringDB / RIR country resources; resolve current network/IXP identity at deployment time","https://www.peeringdb.org/","Preference tier, not a performance or safety guarantee."
"KZ","Kazakhstan","3","regional_carrier","Kazakhstan — Regional carrier / upstream ISP anchor","4","role-anchor","PeeringDB / RIR country resources; resolve current network/IXP identity at deployment time","https://www.peeringdb.org/","Preference tier, not a performance or safety guarantee."
"KZ","Kazakhstan","4","international_dc","Kazakhstan — International carrier / data-center interconnect anchor","4","role-anchor","PeeringDB / RIR country resources; resolve current network/IXP identity at deployment time","https://www.peeringdb.org/","Preference tier, not a performance or safety guarantee."
"KE","Kenya","1","national_backbone","Kenya — National backbone / primary ISP anchor","5","role-anchor","PeeringDB / RIR country resources; resolve current network/IXP identity at deployment time","https://www.peeringdb.org/","Preference tier, not a performance or safety guarantee."
"KE","Kenya","2","national_ixp","Kenya — National or primary Internet Exchange anchor","5","role-anchor","PeeringDB / RIR country resources; resolve current network/IXP identity at deployment time","https://www.peeringdb.org/","Preference tier, not a performance or safety guarantee."
"KE","Kenya","3","regional_carrier","Kenya — Regional carrier / upstream ISP anchor","4","role-anchor","PeeringDB / RIR country resources; resolve current network/IXP identity at deployment time","https://www.peeringdb.org/","Preference tier, not a performance or safety guarantee."
"KE","Kenya","4","international_dc","Kenya — International carrier / data-center interconnect anchor","4","role-anchor","PeeringDB / RIR country resources; resolve current network/IXP identity at deployment time","https://www.peeringdb.org/","Preference tier, not a performance or safety guarantee."
"KI","Kiribati","1","national_backbone","Kiribati — National backbone / primary ISP anchor","5","role-anchor","PeeringDB / RIR country resources; resolve current network/IXP identity at deployment time","https://www.peeringdb.org/","Preference tier, not a performance or safety guarantee."
"KI","Kiribati","2","national_ixp","Kiribati — National or primary Internet Exchange anchor","5","role-anchor","PeeringDB / RIR country resources; resolve current network/IXP identity at deployment time","https://www.peeringdb.org/","Preference tier, not a performance or safety guarantee."
"KI","Kiribati","3","regional_carrier","Kiribati — Regional carrier / upstream ISP anchor","4","role-anchor","PeeringDB / RIR country resources; resolve current network/IXP identity at deployment time","https://www.peeringdb.org/","Preference tier, not a performance or safety guarantee."
"KI","Kiribati","4","international_dc","Kiribati — International carrier / data-center interconnect anchor","4","role-anchor","PeeringDB / RIR country resources; resolve current network/IXP identity at deployment time","https://www.peeringdb.org/","Preference tier, not a performance or safety guarantee."
"KP","Korea, Democratic People's Republic of","1","national_backbone","Korea, Democratic People's Republic of — National backbone / primary ISP anchor","5","role-anchor","PeeringDB / RIR country resources; resolve current network/IXP identity at deployment time","https://www.peeringdb.org/","Preference tier, not a performance or safety guarantee."
"KP","Korea, Democratic People's Republic of","2","national_ixp","Korea, Democratic People's Republic of — National or primary Internet Exchange anchor","5","role-anchor","PeeringDB / RIR country resources; resolve current network/IXP identity at deployment time","https://www.peeringdb.org/","Preference tier, not a performance or safety guarantee."
"KP","Korea, Democratic People's Republic of","3","regional_carrier","Korea, Democratic People's Republic of — Regional carrier / upstream ISP anchor","4","role-anchor","PeeringDB / RIR country resources; resolve current network/IXP identity at deployment time","https://www.peeringdb.org/","Preference tier, not a performance or safety guarantee."
"KP","Korea, Democratic People's Republic of","4","international_dc","Korea, Democratic People's Republic of — International carrier / data-center interconnect anchor","4","role-anchor","PeeringDB / RIR country resources; resolve current network/IXP identity at deployment time","https://www.peeringdb.org/","Preference tier, not a performance or safety guarantee."
"KR","Korea, Republic of","1","national_backbone","Korea, Republic of — National backbone / primary ISP anchor","5","role-anchor","PeeringDB / RIR country resources; resolve current network/IXP identity at deployment time","https://www.peeringdb.org/","Preference tier, not a performance or safety guarantee."
"KR","Korea, Republic of","2","national_ixp","Korea, Republic of — National or primary Internet Exchange anchor","5","role-anchor","PeeringDB / RIR country resources; resolve current network/IXP identity at deployment time","https://www.peeringdb.org/","Preference tier, not a performance or safety guarantee."
"KR","Korea, Republic of","3","regional_carrier","Korea, Republic of — Regional carrier / upstream ISP anchor","4","role-anchor","PeeringDB / RIR country resources; resolve current network/IXP identity at deployment time","https://www.peeringdb.org/","Preference tier, not a performance or safety guarantee."
"KR","Korea, Republic of","4","international_dc","Korea, Republic of — International carrier / data-center interconnect anchor","4","role-anchor","PeeringDB / RIR country resources; resolve current network/IXP identity at deployment time","https://www.peeringdb.org/","Preference tier, not a performance or safety guarantee."
"KW","Kuwait","1","national_backbone","Kuwait — National backbone / primary ISP anchor","5","role-anchor","PeeringDB / RIR country resources; resolve current network/IXP identity at deployment time","https://www.peeringdb.org/","Preference tier, not a performance or safety guarantee."
"KW","Kuwait","2","national_ixp","Kuwait — National or primary Internet Exchange anchor","5","role-anchor","PeeringDB / RIR country resources; resolve current network/IXP identity at deployment time","https://www.peeringdb.org/","Preference tier, not a performance or safety guarantee."
"KW","Kuwait","3","regional_carrier","Kuwait — Regional carrier / upstream ISP anchor","4","role-anchor","PeeringDB / RIR country resources; resolve current network/IXP identity at deployment time","https://www.peeringdb.org/","Preference tier, not a performance or safety guarantee."
"KW","Kuwait","4","international_dc","Kuwait — International carrier / data-center interconnect anchor","4","role-anchor","PeeringDB / RIR country resources; resolve current network/IXP identity at deployment time","https://www.peeringdb.org/","Preference tier, not a performance or safety guarantee."
"KG","Kyrgyzstan","1","national_backbone","Kyrgyzstan — National backbone / primary ISP anchor","5","role-anchor","PeeringDB / RIR country resources; resolve current network/IXP identity at deployment time","https://www.peeringdb.org/","Preference tier, not a performance or safety guarantee."
"KG","Kyrgyzstan","2","national_ixp","Kyrgyzstan — National or primary Internet Exchange anchor","5","role-anchor","PeeringDB / RIR country resources; resolve current network/IXP identity at deployment time","https://www.peeringdb.org/","Preference tier, not a performance or safety guarantee."
"KG","Kyrgyzstan","3","regional_carrier","Kyrgyzstan — Regional carrier / upstream ISP anchor","4","role-anchor","PeeringDB / RIR country resources; resolve current network/IXP identity at deployment time","https://www.peeringdb.org/","Preference tier, not a performance or safety guarantee."
"KG","Kyrgyzstan","4","international_dc","Kyrgyzstan — International carrier / data-center interconnect anchor","4","role-anchor","PeeringDB / RIR country resources; resolve current network/IXP identity at deployment time","https://www.peeringdb.org/","Preference tier, not a performance or safety guarantee."
"LA","Lao People's Democratic Republic of","1","national_backbone","Lao People's Democratic Republic of — National backbone / primary ISP anchor","5","role-anchor","PeeringDB / RIR country resources; resolve current network/IXP identity at deployment time","https://www.peeringdb.org/","Preference tier, not a performance or safety guarantee."
"LA","Lao People's Democratic Republic of","2","national_ixp","Lao People's Democratic Republic of — National or primary Internet Exchange anchor","5","role-anchor","PeeringDB / RIR country resources; resolve current network/IXP identity at deployment time","https://www.peeringdb.org/","Preference tier, not a performance or safety guarantee."
"LA","Lao People's Democratic Republic of","3","regional_carrier","Lao People's Democratic Republic of — Regional carrier / upstream ISP anchor","4","role-anchor","PeeringDB / RIR country resources; resolve current network/IXP identity at deployment time","https://www.peeringdb.org/","Preference tier, not a performance or safety guarantee."
"LA","Lao People's Democratic Republic of","4","international_dc","Lao People's Democratic Republic of — International carrier / data-center interconnect anchor","4","role-anchor","PeeringDB / RIR country resources; resolve current network/IXP identity at deployment time","https://www.peeringdb.org/","Preference tier, not a performance or safety guarantee."
"LV","Latvia","1","national_backbone","Latvia — National backbone / primary ISP anchor","5","role-anchor","PeeringDB / RIR country resources; resolve current network/IXP identity at deployment time","https://www.peeringdb.org/","Preference tier, not a performance or safety guarantee."
"LV","Latvia","2","national_ixp","Latvia — National or primary Internet Exchange anchor","5","role-anchor","PeeringDB / RIR country resources; resolve current network/IXP identity at deployment time","https://www.peeringdb.org/","Preference tier, not a performance or safety guarantee."
"LV","Latvia","3","regional_carrier","Latvia — Regional carrier / upstream ISP anchor","4","role-anchor","PeeringDB / RIR country resources; resolve current network/IXP identity at deployment time","https://www.peeringdb.org/","Preference tier, not a performance or safety guarantee."
"LV","Latvia","4","international_dc","Latvia — International carrier / data-center interconnect anchor","4","role-anchor","PeeringDB / RIR country resources; resolve current network/IXP identity at deployment time","https://www.peeringdb.org/","Preference tier, not a performance or safety guarantee."
"LB","Lebanon","1","national_backbone","Lebanon — National backbone / primary ISP anchor","5","role-anchor","PeeringDB / RIR country resources; resolve current network/IXP identity at deployment time","https://www.peeringdb.org/","Preference tier, not a performance or safety guarantee."
"LB","Lebanon","2","national_ixp","Lebanon — National or primary Internet Exchange anchor","5","role-anchor","PeeringDB / RIR country resources; resolve current network/IXP identity at deployment time","https://www.peeringdb.org/","Preference tier, not a performance or safety guarantee."
"LB","Lebanon","3","regional_carrier","Lebanon — Regional carrier / upstream ISP anchor","4","role-anchor","PeeringDB / RIR country resources; resolve current network/IXP identity at deployment time","https://www.peeringdb.org/","Preference tier, not a performance or safety guarantee."
"LB","Lebanon","4","international_dc","Lebanon — International carrier / data-center interconnect anchor","4","role-anchor","PeeringDB / RIR country resources; resolve current network/IXP identity at deployment time","https://www.peeringdb.org/","Preference tier, not a performance or safety guarantee."
"LS","Lesotho","1","national_backbone","Lesotho — National backbone / primary ISP anchor","5","role-anchor","PeeringDB / RIR country resources; resolve current network/IXP identity at deployment time","https://www.peeringdb.org/","Preference tier, not a performance or safety guarantee."
"LS","Lesotho","2","national_ixp","Lesotho — National or primary Internet Exchange anchor","5","role-anchor","PeeringDB / RIR country resources; resolve current network/IXP identity at deployment time","https://www.peeringdb.org/","Preference tier, not a performance or safety guarantee."
"LS","Lesotho","3","regional_carrier","Lesotho — Regional carrier / upstream ISP anchor","4","role-anchor","PeeringDB / RIR country resources; resolve current network/IXP identity at deployment time","https://www.peeringdb.org/","Preference tier, not a performance or safety guarantee."
"LS","Lesotho","4","international_dc","Lesotho — International carrier / data-center interconnect anchor","4","role-anchor","PeeringDB / RIR country resources; resolve current network/IXP identity at deployment time","https://www.peeringdb.org/","Preference tier, not a performance or safety guarantee."
"LR","Liberia","1","national_backbone","Liberia — National backbone / primary ISP anchor","5","role-anchor","PeeringDB / RIR country resources; resolve current network/IXP identity at deployment time","https://www.peeringdb.org/","Preference tier, not a performance or safety guarantee."
"LR","Liberia","2","national_ixp","Liberia — National or primary Internet Exchange anchor","5","role-anchor","PeeringDB / RIR country resources; resolve current network/IXP identity at deployment time","https://www.peeringdb.org/","Preference tier, not a performance or safety guarantee."
"LR","Liberia","3","regional_carrier","Liberia — Regional carrier / upstream ISP anchor","4","role-anchor","PeeringDB / RIR country resources; resolve current network/IXP identity at deployment time","https://www.peeringdb.org/","Preference tier, not a performance or safety guarantee."
"LR","Liberia","4","international_dc","Liberia — International carrier / data-center interconnect anchor","4","role-anchor","PeeringDB / RIR country resources; resolve current network/IXP identity at deployment time","https://www.peeringdb.org/","Preference tier, not a performance or safety guarantee."
"LY","Libya","1","national_backbone","Libya — National backbone / primary ISP anchor","5","role-anchor","PeeringDB / RIR country resources; resolve current network/IXP identity at deployment time","https://www.peeringdb.org/","Preference tier, not a performance or safety guarantee."
"LY","Libya","2","national_ixp","Libya — National or primary Internet Exchange anchor","5","role-anchor","PeeringDB / RIR country resources; resolve current network/IXP identity at deployment time","https://www.peeringdb.org/","Preference tier, not a performance or safety guarantee."
"LY","Libya","3","regional_carrier","Libya — Regional carrier / upstream ISP anchor","4","role-anchor","PeeringDB / RIR country resources; resolve current network/IXP identity at deployment time","https://www.peeringdb.org/","Preference tier, not a performance or safety guarantee."
"LY","Libya","4","international_dc","Libya — International carrier / data-center interconnect anchor","4","role-anchor","PeeringDB / RIR country resources; resolve current network/IXP identity at deployment time","https://www.peeringdb.org/","Preference tier, not a performance or safety guarantee."
"LI","Liechtenstein","1","national_backbone","Liechtenstein — National backbone / primary ISP anchor","5","role-anchor","PeeringDB / RIR country resources; resolve current network/IXP identity at deployment time","https://www.peeringdb.org/","Preference tier, not a performance or safety guarantee."
"LI","Liechtenstein","2","national_ixp","Liechtenstein — National or primary Internet Exchange anchor","5","role-anchor","PeeringDB / RIR country resources; resolve current network/IXP identity at deployment time","https://www.peeringdb.org/","Preference tier, not a performance or safety guarantee."
"LI","Liechtenstein","3","regional_carrier","Liechtenstein — Regional carrier / upstream ISP anchor","4","role-anchor","PeeringDB / RIR country resources; resolve current network/IXP identity at deployment time","https://www.peeringdb.org/","Preference tier, not a performance or safety guarantee."
"LI","Liechtenstein","4","international_dc","Liechtenstein — International carrier / data-center interconnect anchor","4","role-anchor","PeeringDB / RIR country resources; resolve current network/IXP identity at deployment time","https://www.peeringdb.org/","Preference tier, not a performance or safety guarantee."
"LT","Lithuania","1","national_backbone","Lithuania — National backbone / primary ISP anchor","5","role-anchor","PeeringDB / RIR country resources; resolve current network/IXP identity at deployment time","https://www.peeringdb.org/","Preference tier, not a performance or safety guarantee."
"LT","Lithuania","2","national_ixp","Lithuania — National or primary Internet Exchange anchor","5","role-anchor","PeeringDB / RIR country resources; resolve current network/IXP identity at deployment time","https://www.peeringdb.org/","Preference tier, not a performance or safety guarantee."
"LT","Lithuania","3","regional_carrier","Lithuania — Regional carrier / upstream ISP anchor","4","role-anchor","PeeringDB / RIR country resources; resolve current network/IXP identity at deployment time","https://www.peeringdb.org/","Preference tier, not a performance or safety guarantee."
"LT","Lithuania","4","international_dc","Lithuania — International carrier / data-center interconnect anchor","4","role-anchor","PeeringDB / RIR country resources; resolve current network/IXP identity at deployment time","https://www.peeringdb.org/","Preference tier, not a performance or safety guarantee."
"LU","Luxembourg","1","national_backbone","Luxembourg — National backbone / primary ISP anchor","5","role-anchor","PeeringDB / RIR country resources; resolve current network/IXP identity at deployment time","https://www.peeringdb.org/","Preference tier, not a performance or safety guarantee."
"LU","Luxembourg","2","national_ixp","Luxembourg — National or primary Internet Exchange anchor","5","role-anchor","PeeringDB / RIR country resources; resolve current network/IXP identity at deployment time","https://www.peeringdb.org/","Preference tier, not a performance or safety guarantee."
"LU","Luxembourg","3","regional_carrier","Luxembourg — Regional carrier / upstream ISP anchor","4","role-anchor","PeeringDB / RIR country resources; resolve current network/IXP identity at deployment time","https://www.peeringdb.org/","Preference tier, not a performance or safety guarantee."
"LU","Luxembourg","4","international_dc","Luxembourg — International carrier / data-center interconnect anchor","4","role-anchor","PeeringDB / RIR country resources; resolve current network/IXP identity at deployment time","https://www.peeringdb.org/","Preference tier, not a performance or safety guarantee."
"MO","Macao","1","national_backbone","Macao — National backbone / primary ISP anchor","5","role-anchor","PeeringDB / RIR country resources; resolve current network/IXP identity at deployment time","https://www.peeringdb.org/","Preference tier, not a performance or safety guarantee."
"MO","Macao","2","national_ixp","Macao — National or primary Internet Exchange anchor","5","role-anchor","PeeringDB / RIR country resources; resolve current network/IXP identity at deployment time","https://www.peeringdb.org/","Preference tier, not a performance or safety guarantee."
"MO","Macao","3","regional_carrier","Macao — Regional carrier / upstream ISP anchor","4","role-anchor","PeeringDB / RIR country resources; resolve current network/IXP identity at deployment time","https://www.peeringdb.org/","Preference tier, not a performance or safety guarantee."
"MO","Macao","4","international_dc","Macao — International carrier / data-center interconnect anchor","4","role-anchor","PeeringDB / RIR country resources; resolve current network/IXP identity at deployment time","https://www.peeringdb.org/","Preference tier, not a performance or safety guarantee."
"MG","Madagascar","1","national_backbone","Madagascar — National backbone / primary ISP anchor","5","role-anchor","PeeringDB / RIR country resources; resolve current network/IXP identity at deployment time","https://www.peeringdb.org/","Preference tier, not a performance or safety guarantee."
"MG","Madagascar","2","national_ixp","Madagascar — National or primary Internet Exchange anchor","5","role-anchor","PeeringDB / RIR country resources; resolve current network/IXP identity at deployment time","https://www.peeringdb.org/","Preference tier, not a performance or safety guarantee."
"MG","Madagascar","3","regional_carrier","Madagascar — Regional carrier / upstream ISP anchor","4","role-anchor","PeeringDB / RIR country resources; resolve current network/IXP identity at deployment time","https://www.peeringdb.org/","Preference tier, not a performance or safety guarantee."
"MG","Madagascar","4","international_dc","Madagascar — International carrier / data-center interconnect anchor","4","role-anchor","PeeringDB / RIR country resources; resolve current network/IXP identity at deployment time","https://www.peeringdb.org/","Preference tier, not a performance or safety guarantee."
"MW","Malawi","1","national_backbone","Malawi — National backbone / primary ISP anchor","5","role-anchor","PeeringDB / RIR country resources; resolve current network/IXP identity at deployment time","https://www.peeringdb.org/","Preference tier, not a performance or safety guarantee."
"MW","Malawi","2","national_ixp","Malawi — National or primary Internet Exchange anchor","5","role-anchor","PeeringDB / RIR country resources; resolve current network/IXP identity at deployment time","https://www.peeringdb.org/","Preference tier, not a performance or safety guarantee."
"MW","Malawi","3","regional_carrier","Malawi — Regional carrier / upstream ISP anchor","4","role-anchor","PeeringDB / RIR country resources; resolve current network/IXP identity at deployment time","https://www.peeringdb.org/","Preference tier, not a performance or safety guarantee."
"MW","Malawi","4","international_dc","Malawi — International carrier / data-center interconnect anchor","4","role-anchor","PeeringDB / RIR country resources; resolve current network/IXP identity at deployment time","https://www.peeringdb.org/","Preference tier, not a performance or safety guarantee."
"MY","Malaysia","1","national_backbone","Malaysia — National backbone / primary ISP anchor","5","role-anchor","PeeringDB / RIR country resources; resolve current network/IXP identity at deployment time","https://www.peeringdb.org/","Preference tier, not a performance or safety guarantee."
"MY","Malaysia","2","national_ixp","Malaysia — National or primary Internet Exchange anchor","5","role-anchor","PeeringDB / RIR country resources; resolve current network/IXP identity at deployment time","https://www.peeringdb.org/","Preference tier, not a performance or safety guarantee."
"MY","Malaysia","3","regional_carrier","Malaysia — Regional carrier / upstream ISP anchor","4","role-anchor","PeeringDB / RIR country resources; resolve current network/IXP identity at deployment time","https://www.peeringdb.org/","Preference tier, not a performance or safety guarantee."
"MY","Malaysia","4","international_dc","Malaysia — International carrier / data-center interconnect anchor","4","role-anchor","PeeringDB / RIR country resources; resolve current network/IXP identity at deployment time","https://www.peeringdb.org/","Preference tier, not a performance or safety guarantee."
"MV","Maldives","1","national_backbone","Maldives — National backbone / primary ISP anchor","5","role-anchor","PeeringDB / RIR country resources; resolve current network/IXP identity at deployment time","https://www.peeringdb.org/","Preference tier, not a performance or safety guarantee."
"MV","Maldives","2","national_ixp","Maldives — National or primary Internet Exchange anchor","5","role-anchor","PeeringDB / RIR country resources; resolve current network/IXP identity at deployment time","https://www.peeringdb.org/","Preference tier, not a performance or safety guarantee."
"MV","Maldives","3","regional_carrier","Maldives — Regional carrier / upstream ISP anchor","4","role-anchor","PeeringDB / RIR country resources; resolve current network/IXP identity at deployment time","https://www.peeringdb.org/","Preference tier, not a performance or safety guarantee."
"MV","Maldives","4","international_dc","Maldives — International carrier / data-center interconnect anchor","4","role-anchor","PeeringDB / RIR country resources; resolve current network/IXP identity at deployment time","https://www.peeringdb.org/","Preference tier, not a performance or safety guarantee."
"ML","Mali","1","national_backbone","Mali — National backbone / primary ISP anchor","5","role-anchor","PeeringDB / RIR country resources; resolve current network/IXP identity at deployment time","https://www.peeringdb.org/","Preference tier, not a performance or safety guarantee."
"ML","Mali","2","national_ixp","Mali — National or primary Internet Exchange anchor","5","role-anchor","PeeringDB / RIR country resources; resolve current network/IXP identity at deployment time","https://www.peeringdb.org/","Preference tier, not a performance or safety guarantee."
"ML","Mali","3","regional_carrier","Mali — Regional carrier / upstream ISP anchor","4","role-anchor","PeeringDB / RIR country resources; resolve current network/IXP identity at deployment time","https://www.peeringdb.org/","Preference tier, not a performance or safety guarantee."
"ML","Mali","4","international_dc","Mali — International carrier / data-center interconnect anchor","4","role-anchor","PeeringDB / RIR country resources; resolve current network/IXP identity at deployment time","https://www.peeringdb.org/","Preference tier, not a performance or safety guarantee."
"MT","Malta","1","national_backbone","Malta — National backbone / primary ISP anchor","5","role-anchor","PeeringDB / RIR country resources; resolve current network/IXP identity at deployment time","https://www.peeringdb.org/","Preference tier, not a performance or safety guarantee."
"MT","Malta","2","national_ixp","Malta — National or primary Internet Exchange anchor","5","role-anchor","PeeringDB / RIR country resources; resolve current network/IXP identity at deployment time","https://www.peeringdb.org/","Preference tier, not a performance or safety guarantee."
"MT","Malta","3","regional_carrier","Malta — Regional carrier / upstream ISP anchor","4","role-anchor","PeeringDB / RIR country resources; resolve current network/IXP identity at deployment time","https://www.peeringdb.org/","Preference tier, not a performance or safety guarantee."
"MT","Malta","4","international_dc","Malta — International carrier / data-center interconnect anchor","4","role-anchor","PeeringDB / RIR country resources; resolve current network/IXP identity at deployment time","https://www.peeringdb.org/","Preference tier, not a performance or safety guarantee."
"MH","Marshall Islands","1","national_backbone","Marshall Islands — National backbone / primary ISP anchor","5","role-anchor","PeeringDB / RIR country resources; resolve current network/IXP identity at deployment time","https://www.peeringdb.org/","Preference tier, not a performance or safety guarantee."
"MH","Marshall Islands","2","national_ixp","Marshall Islands — National or primary Internet Exchange anchor","5","role-anchor","PeeringDB / RIR country resources; resolve current network/IXP identity at deployment time","https://www.peeringdb.org/","Preference tier, not a performance or safety guarantee."
"MH","Marshall Islands","3","regional_carrier","Marshall Islands — Regional carrier / upstream ISP anchor","4","role-anchor","PeeringDB / RIR country resources; resolve current network/IXP identity at deployment time","https://www.peeringdb.org/","Preference tier, not a performance or safety guarantee."
"MH","Marshall Islands","4","international_dc","Marshall Islands — International carrier / data-center interconnect anchor","4","role-anchor","PeeringDB / RIR country resources; resolve current network/IXP identity at deployment time","https://www.peeringdb.org/","Preference tier, not a performance or safety guarantee."
"MQ","Martinique","1","national_backbone","Martinique — National backbone / primary ISP anchor","5","role-anchor","PeeringDB / RIR country resources; resolve current network/IXP identity at deployment time","https://www.peeringdb.org/","Preference tier, not a performance or safety guarantee."
"MQ","Martinique","2","national_ixp","Martinique — National or primary Internet Exchange anchor","5","role-anchor","PeeringDB / RIR country resources; resolve current network/IXP identity at deployment time","https://www.peeringdb.org/","Preference tier, not a performance or safety guarantee."
"MQ","Martinique","3","regional_carrier","Martinique — Regional carrier / upstream ISP anchor","4","role-anchor","PeeringDB / RIR country resources; resolve current network/IXP identity at deployment time","https://www.peeringdb.org/","Preference tier, not a performance or safety guarantee."
"MQ","Martinique","4","international_dc","Martinique — International carrier / data-center interconnect anchor","4","role-anchor","PeeringDB / RIR country resources; resolve current network/IXP identity at deployment time","https://www.peeringdb.org/","Preference tier, not a performance or safety guarantee."
"MR","Mauritania","1","national_backbone","Mauritania — National backbone / primary ISP anchor","5","role-anchor","PeeringDB / RIR country resources; resolve current network/IXP identity at deployment time","https://www.peeringdb.org/","Preference tier, not a performance or safety guarantee."
"MR","Mauritania","2","national_ixp","Mauritania — National or primary Internet Exchange anchor","5","role-anchor","PeeringDB / RIR country resources; resolve current network/IXP identity at deployment time","https://www.peeringdb.org/","Preference tier, not a performance or safety guarantee."
"MR","Mauritania","3","regional_carrier","Mauritania — Regional carrier / upstream ISP anchor","4","role-anchor","PeeringDB / RIR country resources; resolve current network/IXP identity at deployment time","https://www.peeringdb.org/","Preference tier, not a performance or safety guarantee."
"MR","Mauritania","4","international_dc","Mauritania — International carrier / data-center interconnect anchor","4","role-anchor","PeeringDB / RIR country resources; resolve current network/IXP identity at deployment time","https://www.peeringdb.org/","Preference tier, not a performance or safety guarantee."
"MU","Mauritius","1","national_backbone","Mauritius — National backbone / primary ISP anchor","5","role-anchor","PeeringDB / RIR country resources; resolve current network/IXP identity at deployment time","https://www.peeringdb.org/","Preference tier, not a performance or safety guarantee."
"MU","Mauritius","2","national_ixp","Mauritius — National or primary Internet Exchange anchor","5","role-anchor","PeeringDB / RIR country resources; resolve current network/IXP identity at deployment time","https://www.peeringdb.org/","Preference tier, not a performance or safety guarantee."
"MU","Mauritius","3","regional_carrier","Mauritius — Regional carrier / upstream ISP anchor","4","role-anchor","PeeringDB / RIR country resources; resolve current network/IXP identity at deployment time","https://www.peeringdb.org/","Preference tier, not a performance or safety guarantee."
"MU","Mauritius","4","international_dc","Mauritius — International carrier / data-center interconnect anchor","4","role-anchor","PeeringDB / RIR country resources; resolve current network/IXP identity at deployment time","https://www.peeringdb.org/","Preference tier, not a performance or safety guarantee."
"YT","Mayotte","1","national_backbone","Mayotte — National backbone / primary ISP anchor","5","role-anchor","PeeringDB / RIR country resources; resolve current network/IXP identity at deployment time","https://www.peeringdb.org/","Preference tier, not a performance or safety guarantee."
"YT","Mayotte","2","national_ixp","Mayotte — National or primary Internet Exchange anchor","5","role-anchor","PeeringDB / RIR country resources; resolve current network/IXP identity at deployment time","https://www.peeringdb.org/","Preference tier, not a performance or safety guarantee."
"YT","Mayotte","3","regional_carrier","Mayotte — Regional carrier / upstream ISP anchor","4","role-anchor","PeeringDB / RIR country resources; resolve current network/IXP identity at deployment time","https://www.peeringdb.org/","Preference tier, not a performance or safety guarantee."
"YT","Mayotte","4","international_dc","Mayotte — International carrier / data-center interconnect anchor","4","role-anchor","PeeringDB / RIR country resources; resolve current network/IXP identity at deployment time","https://www.peeringdb.org/","Preference tier, not a performance or safety guarantee."
"MX","Mexico","1","national_backbone","Mexico — National backbone / primary ISP anchor","5","role-anchor","PeeringDB / RIR country resources; resolve current network/IXP identity at deployment time","https://www.peeringdb.org/","Preference tier, not a performance or safety guarantee."
"MX","Mexico","2","national_ixp","Mexico — National or primary Internet Exchange anchor","5","role-anchor","PeeringDB / RIR country resources; resolve current network/IXP identity at deployment time","https://www.peeringdb.org/","Preference tier, not a performance or safety guarantee."
"MX","Mexico","3","regional_carrier","Mexico — Regional carrier / upstream ISP anchor","4","role-anchor","PeeringDB / RIR country resources; resolve current network/IXP identity at deployment time","https://www.peeringdb.org/","Preference tier, not a performance or safety guarantee."
"MX","Mexico","4","international_dc","Mexico — International carrier / data-center interconnect anchor","4","role-anchor","PeeringDB / RIR country resources; resolve current network/IXP identity at deployment time","https://www.peeringdb.org/","Preference tier, not a performance or safety guarantee."
"FM","Micronesia, Federated States of","1","national_backbone","Micronesia, Federated States of — National backbone / primary ISP anchor","5","role-anchor","PeeringDB / RIR country resources; resolve current network/IXP identity at deployment time","https://www.peeringdb.org/","Preference tier, not a performance or safety guarantee."
"FM","Micronesia, Federated States of","2","national_ixp","Micronesia, Federated States of — National or primary Internet Exchange anchor","5","role-anchor","PeeringDB / RIR country resources; resolve current network/IXP identity at deployment time","https://www.peeringdb.org/","Preference tier, not a performance or safety guarantee."
"FM","Micronesia, Federated States of","3","regional_carrier","Micronesia, Federated States of — Regional carrier / upstream ISP anchor","4","role-anchor","PeeringDB / RIR country resources; resolve current network/IXP identity at deployment time","https://www.peeringdb.org/","Preference tier, not a performance or safety guarantee."
"FM","Micronesia, Federated States of","4","international_dc","Micronesia, Federated States of — International carrier / data-center interconnect anchor","4","role-anchor","PeeringDB / RIR country resources; resolve current network/IXP identity at deployment time","https://www.peeringdb.org/","Preference tier, not a performance or safety guarantee."
"MD","Moldova, Republic of","1","national_backbone","Moldova, Republic of — National backbone / primary ISP anchor","5","role-anchor","PeeringDB / RIR country resources; resolve current network/IXP identity at deployment time","https://www.peeringdb.org/","Preference tier, not a performance or safety guarantee."
"MD","Moldova, Republic of","2","national_ixp","Moldova, Republic of — National or primary Internet Exchange anchor","5","role-anchor","PeeringDB / RIR country resources; resolve current network/IXP identity at deployment time","https://www.peeringdb.org/","Preference tier, not a performance or safety guarantee."
"MD","Moldova, Republic of","3","regional_carrier","Moldova, Republic of — Regional carrier / upstream ISP anchor","4","role-anchor","PeeringDB / RIR country resources; resolve current network/IXP identity at deployment time","https://www.peeringdb.org/","Preference tier, not a performance or safety guarantee."
"MD","Moldova, Republic of","4","international_dc","Moldova, Republic of — International carrier / data-center interconnect anchor","4","role-anchor","PeeringDB / RIR country resources; resolve current network/IXP identity at deployment time","https://www.peeringdb.org/","Preference tier, not a performance or safety guarantee."
"MC","Monaco","1","national_backbone","Monaco — National backbone / primary ISP anchor","5","role-anchor","PeeringDB / RIR country resources; resolve current network/IXP identity at deployment time","https://www.peeringdb.org/","Preference tier, not a performance or safety guarantee."
"MC","Monaco","2","national_ixp","Monaco — National or primary Internet Exchange anchor","5","role-anchor","PeeringDB / RIR country resources; resolve current network/IXP identity at deployment time","https://www.peeringdb.org/","Preference tier, not a performance or safety guarantee."
"MC","Monaco","3","regional_carrier","Monaco — Regional carrier / upstream ISP anchor","4","role-anchor","PeeringDB / RIR country resources; resolve current network/IXP identity at deployment time","https://www.peeringdb.org/","Preference tier, not a performance or safety guarantee."
"MC","Monaco","4","international_dc","Monaco — International carrier / data-center interconnect anchor","4","role-anchor","PeeringDB / RIR country resources; resolve current network/IXP identity at deployment time","https://www.peeringdb.org/","Preference tier, not a performance or safety guarantee."
"MN","Mongolia","1","national_backbone","Mongolia — National backbone / primary ISP anchor","5","role-anchor","PeeringDB / RIR country resources; resolve current network/IXP identity at deployment time","https://www.peeringdb.org/","Preference tier, not a performance or safety guarantee."
"MN","Mongolia","2","national_ixp","Mongolia — National or primary Internet Exchange anchor","5","role-anchor","PeeringDB / RIR country resources; resolve current network/IXP identity at deployment time","https://www.peeringdb.org/","Preference tier, not a performance or safety guarantee."
"MN","Mongolia","3","regional_carrier","Mongolia — Regional carrier / upstream ISP anchor","4","role-anchor","PeeringDB / RIR country resources; resolve current network/IXP identity at deployment time","https://www.peeringdb.org/","Preference tier, not a performance or safety guarantee."
"MN","Mongolia","4","international_dc","Mongolia — International carrier / data-center interconnect anchor","4","role-anchor","PeeringDB / RIR country resources; resolve current network/IXP identity at deployment time","https://www.peeringdb.org/","Preference tier, not a performance or safety guarantee."
"ME","Montenegro","1","national_backbone","Montenegro — National backbone / primary ISP anchor","5","role-anchor","PeeringDB / RIR country resources; resolve current network/IXP identity at deployment time","https://www.peeringdb.org/","Preference tier, not a performance or safety guarantee."
"ME","Montenegro","2","national_ixp","Montenegro — National or primary Internet Exchange anchor","5","role-anchor","PeeringDB / RIR country resources; resolve current network/IXP identity at deployment time","https://www.peeringdb.org/","Preference tier, not a performance or safety guarantee."
"ME","Montenegro","3","regional_carrier","Montenegro — Regional carrier / upstream ISP anchor","4","role-anchor","PeeringDB / RIR country resources; resolve current network/IXP identity at deployment time","https://www.peeringdb.org/","Preference tier, not a performance or safety guarantee."
"ME","Montenegro","4","international_dc","Montenegro — International carrier / data-center interconnect anchor","4","role-anchor","PeeringDB / RIR country resources; resolve current network/IXP identity at deployment time","https://www.peeringdb.org/","Preference tier, not a performance or safety guarantee."
"MS","Montserrat","1","national_backbone","Montserrat — National backbone / primary ISP anchor","5","role-anchor","PeeringDB / RIR country resources; resolve current network/IXP identity at deployment time","https://www.peeringdb.org/","Preference tier, not a performance or safety guarantee."
"MS","Montserrat","2","national_ixp","Montserrat — National or primary Internet Exchange anchor","5","role-anchor","PeeringDB / RIR country resources; resolve current network/IXP identity at deployment time","https://www.peeringdb.org/","Preference tier, not a performance or safety guarantee."
"MS","Montserrat","3","regional_carrier","Montserrat — Regional carrier / upstream ISP anchor","4","role-anchor","PeeringDB / RIR country resources; resolve current network/IXP identity at deployment time","https://www.peeringdb.org/","Preference tier, not a performance or safety guarantee."
"MS","Montserrat","4","international_dc","Montserrat — International carrier / data-center interconnect anchor","4","role-anchor","PeeringDB / RIR country resources; resolve current network/IXP identity at deployment time","https://www.peeringdb.org/","Preference tier, not a performance or safety guarantee."
"MA","Morocco","1","national_backbone","Morocco — National backbone / primary ISP anchor","5","role-anchor","PeeringDB / RIR country resources; resolve current network/IXP identity at deployment time","https://www.peeringdb.org/","Preference tier, not a performance or safety guarantee."
"MA","Morocco","2","national_ixp","Morocco — National or primary Internet Exchange anchor","5","role-anchor","PeeringDB / RIR country resources; resolve current network/IXP identity at deployment time","https://www.peeringdb.org/","Preference tier, not a performance or safety guarantee."
"MA","Morocco","3","regional_carrier","Morocco — Regional carrier / upstream ISP anchor","4","role-anchor","PeeringDB / RIR country resources; resolve current network/IXP identity at deployment time","https://www.peeringdb.org/","Preference tier, not a performance or safety guarantee."
"MA","Morocco","4","international_dc","Morocco — International carrier / data-center interconnect anchor","4","role-anchor","PeeringDB / RIR country resources; resolve current network/IXP identity at deployment time","https://www.peeringdb.org/","Preference tier, not a performance or safety guarantee."
"MZ","Mozambique","1","national_backbone","Mozambique — National backbone / primary ISP anchor","5","role-anchor","PeeringDB / RIR country resources; resolve current network/IXP identity at deployment time","https://www.peeringdb.org/","Preference tier, not a performance or safety guarantee."
"MZ","Mozambique","2","national_ixp","Mozambique — National or primary Internet Exchange anchor","5","role-anchor","PeeringDB / RIR country resources; resolve current network/IXP identity at deployment time","https://www.peeringdb.org/","Preference tier, not a performance or safety guarantee."
"MZ","Mozambique","3","regional_carrier","Mozambique — Regional carrier / upstream ISP anchor","4","role-anchor","PeeringDB / RIR country resources; resolve current network/IXP identity at deployment time","https://www.peeringdb.org/","Preference tier, not a performance or safety guarantee."
"MZ","Mozambique","4","international_dc","Mozambique — International carrier / data-center interconnect anchor","4","role-anchor","PeeringDB / RIR country resources; resolve current network/IXP identity at deployment time","https://www.peeringdb.org/","Preference tier, not a performance or safety guarantee."
"MM","Myanmar","1","national_backbone","Myanmar — National backbone / primary ISP anchor","5","role-anchor","PeeringDB / RIR country resources; resolve current network/IXP identity at deployment time","https://www.peeringdb.org/","Preference tier, not a performance or safety guarantee."
"MM","Myanmar","2","national_ixp","Myanmar — National or primary Internet Exchange anchor","5","role-anchor","PeeringDB / RIR country resources; resolve current network/IXP identity at deployment time","https://www.peeringdb.org/","Preference tier, not a performance or safety guarantee."
"MM","Myanmar","3","regional_carrier","Myanmar — Regional carrier / upstream ISP anchor","4","role-anchor","PeeringDB / RIR country resources; resolve current network/IXP identity at deployment time","https://www.peeringdb.org/","Preference tier, not a performance or safety guarantee."
"MM","Myanmar","4","international_dc","Myanmar — International carrier / data-center interconnect anchor","4","role-anchor","PeeringDB / RIR country resources; resolve current network/IXP identity at deployment time","https://www.peeringdb.org/","Preference tier, not a performance or safety guarantee."
"NA","Namibia","1","national_backbone","Namibia — National backbone / primary ISP anchor","5","role-anchor","PeeringDB / RIR country resources; resolve current network/IXP identity at deployment time","https://www.peeringdb.org/","Preference tier, not a performance or safety guarantee."
"NA","Namibia","2","national_ixp","Namibia — National or primary Internet Exchange anchor","5","role-anchor","PeeringDB / RIR country resources; resolve current network/IXP identity at deployment time","https://www.peeringdb.org/","Preference tier, not a performance or safety guarantee."
"NA","Namibia","3","regional_carrier","Namibia — Regional carrier / upstream ISP anchor","4","role-anchor","PeeringDB / RIR country resources; resolve current network/IXP identity at deployment time","https://www.peeringdb.org/","Preference tier, not a performance or safety guarantee."
"NA","Namibia","4","international_dc","Namibia — International carrier / data-center interconnect anchor","4","role-anchor","PeeringDB / RIR country resources; resolve current network/IXP identity at deployment time","https://www.peeringdb.org/","Preference tier, not a performance or safety guarantee."
"NR","Nauru","1","national_backbone","Nauru — National backbone / primary ISP anchor","5","role-anchor","PeeringDB / RIR country resources; resolve current network/IXP identity at deployment time","https://www.peeringdb.org/","Preference tier, not a performance or safety guarantee."
"NR","Nauru","2","national_ixp","Nauru — National or primary Internet Exchange anchor","5","role-anchor","PeeringDB / RIR country resources; resolve current network/IXP identity at deployment time","https://www.peeringdb.org/","Preference tier, not a performance or safety guarantee."
"NR","Nauru","3","regional_carrier","Nauru — Regional carrier / upstream ISP anchor","4","role-anchor","PeeringDB / RIR country resources; resolve current network/IXP identity at deployment time","https://www.peeringdb.org/","Preference tier, not a performance or safety guarantee."
"NR","Nauru","4","international_dc","Nauru — International carrier / data-center interconnect anchor","4","role-anchor","PeeringDB / RIR country resources; resolve current network/IXP identity at deployment time","https://www.peeringdb.org/","Preference tier, not a performance or safety guarantee."
"NP","Nepal","1","national_backbone","Nepal — National backbone / primary ISP anchor","5","role-anchor","PeeringDB / RIR country resources; resolve current network/IXP identity at deployment time","https://www.peeringdb.org/","Preference tier, not a performance or safety guarantee."
"NP","Nepal","2","national_ixp","Nepal — National or primary Internet Exchange anchor","5","role-anchor","PeeringDB / RIR country resources; resolve current network/IXP identity at deployment time","https://www.peeringdb.org/","Preference tier, not a performance or safety guarantee."
"NP","Nepal","3","regional_carrier","Nepal — Regional carrier / upstream ISP anchor","4","role-anchor","PeeringDB / RIR country resources; resolve current network/IXP identity at deployment time","https://www.peeringdb.org/","Preference tier, not a performance or safety guarantee."
"NP","Nepal","4","international_dc","Nepal — International carrier / data-center interconnect anchor","4","role-anchor","PeeringDB / RIR country resources; resolve current network/IXP identity at deployment time","https://www.peeringdb.org/","Preference tier, not a performance or safety guarantee."
"NL","Netherlands","1","national_backbone","Netherlands — National backbone / primary ISP anchor","5","role-anchor","PeeringDB / RIR country resources; resolve current network/IXP identity at deployment time","https://www.peeringdb.org/","Preference tier, not a performance or safety guarantee."
"NL","Netherlands","2","national_ixp","Netherlands — National or primary Internet Exchange anchor","5","role-anchor","PeeringDB / RIR country resources; resolve current network/IXP identity at deployment time","https://www.peeringdb.org/","Preference tier, not a performance or safety guarantee."
"NL","Netherlands","3","regional_carrier","Netherlands — Regional carrier / upstream ISP anchor","4","role-anchor","PeeringDB / RIR country resources; resolve current network/IXP identity at deployment time","https://www.peeringdb.org/","Preference tier, not a performance or safety guarantee."
"NL","Netherlands","4","international_dc","Netherlands — International carrier / data-center interconnect anchor","4","role-anchor","PeeringDB / RIR country resources; resolve current network/IXP identity at deployment time","https://www.peeringdb.org/","Preference tier, not a performance or safety guarantee."
"NC","New Caledonia","1","national_backbone","New Caledonia — National backbone / primary ISP anchor","5","role-anchor","PeeringDB / RIR country resources; resolve current network/IXP identity at deployment time","https://www.peeringdb.org/","Preference tier, not a performance or safety guarantee."
"NC","New Caledonia","2","national_ixp","New Caledonia — National or primary Internet Exchange anchor","5","role-anchor","PeeringDB / RIR country resources; resolve current network/IXP identity at deployment time","https://www.peeringdb.org/","Preference tier, not a performance or safety guarantee."
"NC","New Caledonia","3","regional_carrier","New Caledonia — Regional carrier / upstream ISP anchor","4","role-anchor","PeeringDB / RIR country resources; resolve current network/IXP identity at deployment time","https://www.peeringdb.org/","Preference tier, not a performance or safety guarantee."
"NC","New Caledonia","4","international_dc","New Caledonia — International carrier / data-center interconnect anchor","4","role-anchor","PeeringDB / RIR country resources; resolve current network/IXP identity at deployment time","https://www.peeringdb.org/","Preference tier, not a performance or safety guarantee."
"NZ","New Zealand","1","national_backbone","New Zealand — National backbone / primary ISP anchor","5","role-anchor","PeeringDB / RIR country resources; resolve current network/IXP identity at deployment time","https://www.peeringdb.org/","Preference tier, not a performance or safety guarantee."
"NZ","New Zealand","2","national_ixp","New Zealand — National or primary Internet Exchange anchor","5","role-anchor","PeeringDB / RIR country resources; resolve current network/IXP identity at deployment time","https://www.peeringdb.org/","Preference tier, not a performance or safety guarantee."
"NZ","New Zealand","3","regional_carrier","New Zealand — Regional carrier / upstream ISP anchor","4","role-anchor","PeeringDB / RIR country resources; resolve current network/IXP identity at deployment time","https://www.peeringdb.org/","Preference tier, not a performance or safety guarantee."
"NZ","New Zealand","4","international_dc","New Zealand — International carrier / data-center interconnect anchor","4","role-anchor","PeeringDB / RIR country resources; resolve current network/IXP identity at deployment time","https://www.peeringdb.org/","Preference tier, not a performance or safety guarantee."
"NI","Nicaragua","1","national_backbone","Nicaragua — National backbone / primary ISP anchor","5","role-anchor","PeeringDB / RIR country resources; resolve current network/IXP identity at deployment time","https://www.peeringdb.org/","Preference tier, not a performance or safety guarantee."
"NI","Nicaragua","2","national_ixp","Nicaragua — National or primary Internet Exchange anchor","5","role-anchor","PeeringDB / RIR country resources; resolve current network/IXP identity at deployment time","https://www.peeringdb.org/","Preference tier, not a performance or safety guarantee."
"NI","Nicaragua","3","regional_carrier","Nicaragua — Regional carrier / upstream ISP anchor","4","role-anchor","PeeringDB / RIR country resources; resolve current network/IXP identity at deployment time","https://www.peeringdb.org/","Preference tier, not a performance or safety guarantee."
"NI","Nicaragua","4","international_dc","Nicaragua — International carrier / data-center interconnect anchor","4","role-anchor","PeeringDB / RIR country resources; resolve current network/IXP identity at deployment time","https://www.peeringdb.org/","Preference tier, not a performance or safety guarantee."
"NE","Niger","1","national_backbone","Niger — National backbone / primary ISP anchor","5","role-anchor","PeeringDB / RIR country resources; resolve current network/IXP identity at deployment time","https://www.peeringdb.org/","Preference tier, not a performance or safety guarantee."
"NE","Niger","2","national_ixp","Niger — National or primary Internet Exchange anchor","5","role-anchor","PeeringDB / RIR country resources; resolve current network/IXP identity at deployment time","https://www.peeringdb.org/","Preference tier, not a performance or safety guarantee."
"NE","Niger","3","regional_carrier","Niger — Regional carrier / upstream ISP anchor","4","role-anchor","PeeringDB / RIR country resources; resolve current network/IXP identity at deployment time","https://www.peeringdb.org/","Preference tier, not a performance or safety guarantee."
"NE","Niger","4","international_dc","Niger — International carrier / data-center interconnect anchor","4","role-anchor","PeeringDB / RIR country resources; resolve current network/IXP identity at deployment time","https://www.peeringdb.org/","Preference tier, not a performance or safety guarantee."
"NG","Nigeria","1","national_backbone","Nigeria — National backbone / primary ISP anchor","5","role-anchor","PeeringDB / RIR country resources; resolve current network/IXP identity at deployment time","https://www.peeringdb.org/","Preference tier, not a performance or safety guarantee."
"NG","Nigeria","2","national_ixp","Nigeria — National or primary Internet Exchange anchor","5","role-anchor","PeeringDB / RIR country resources; resolve current network/IXP identity at deployment time","https://www.peeringdb.org/","Preference tier, not a performance or safety guarantee."
"NG","Nigeria","3","regional_carrier","Nigeria — Regional carrier / upstream ISP anchor","4","role-anchor","PeeringDB / RIR country resources; resolve current network/IXP identity at deployment time","https://www.peeringdb.org/","Preference tier, not a performance or safety guarantee."
"NG","Nigeria","4","international_dc","Nigeria — International carrier / data-center interconnect anchor","4","role-anchor","PeeringDB / RIR country resources; resolve current network/IXP identity at deployment time","https://www.peeringdb.org/","Preference tier, not a performance or safety guarantee."
"NU","Niue","1","national_backbone","Niue — National backbone / primary ISP anchor","5","role-anchor","PeeringDB / RIR country resources; resolve current network/IXP identity at deployment time","https://www.peeringdb.org/","Preference tier, not a performance or safety guarantee."
"NU","Niue","2","national_ixp","Niue — National or primary Internet Exchange anchor","5","role-anchor","PeeringDB / RIR country resources; resolve current network/IXP identity at deployment time","https://www.peeringdb.org/","Preference tier, not a performance or safety guarantee."
"NU","Niue","3","regional_carrier","Niue — Regional carrier / upstream ISP anchor","4","role-anchor","PeeringDB / RIR country resources; resolve current network/IXP identity at deployment time","https://www.peeringdb.org/","Preference tier, not a performance or safety guarantee."
"NU","Niue","4","international_dc","Niue — International carrier / data-center interconnect anchor","4","role-anchor","PeeringDB / RIR country resources; resolve current network/IXP identity at deployment time","https://www.peeringdb.org/","Preference tier, not a performance or safety guarantee."
"NF","Norfolk Island","1","national_backbone","Norfolk Island — National backbone / primary ISP anchor","5","role-anchor","PeeringDB / RIR country resources; resolve current network/IXP identity at deployment time","https://www.peeringdb.org/","Preference tier, not a performance or safety guarantee."
"NF","Norfolk Island","2","national_ixp","Norfolk Island — National or primary Internet Exchange anchor","5","role-anchor","PeeringDB / RIR country resources; resolve current network/IXP identity at deployment time","https://www.peeringdb.org/","Preference tier, not a performance or safety guarantee."
"NF","Norfolk Island","3","regional_carrier","Norfolk Island — Regional carrier / upstream ISP anchor","4","role-anchor","PeeringDB / RIR country resources; resolve current network/IXP identity at deployment time","https://www.peeringdb.org/","Preference tier, not a performance or safety guarantee."
"NF","Norfolk Island","4","international_dc","Norfolk Island — International carrier / data-center interconnect anchor","4","role-anchor","PeeringDB / RIR country resources; resolve current network/IXP identity at deployment time","https://www.peeringdb.org/","Preference tier, not a performance or safety guarantee."
"MK","North Macedonia","1","national_backbone","North Macedonia — National backbone / primary ISP anchor","5","role-anchor","PeeringDB / RIR country resources; resolve current network/IXP identity at deployment time","https://www.peeringdb.org/","Preference tier, not a performance or safety guarantee."
"MK","North Macedonia","2","national_ixp","North Macedonia — National or primary Internet Exchange anchor","5","role-anchor","PeeringDB / RIR country resources; resolve current network/IXP identity at deployment time","https://www.peeringdb.org/","Preference tier, not a performance or safety guarantee."
"MK","North Macedonia","3","regional_carrier","North Macedonia — Regional carrier / upstream ISP anchor","4","role-anchor","PeeringDB / RIR country resources; resolve current network/IXP identity at deployment time","https://www.peeringdb.org/","Preference tier, not a performance or safety guarantee."
"MK","North Macedonia","4","international_dc","North Macedonia — International carrier / data-center interconnect anchor","4","role-anchor","PeeringDB / RIR country resources; resolve current network/IXP identity at deployment time","https://www.peeringdb.org/","Preference tier, not a performance or safety guarantee."
"MP","Northern Mariana Islands","1","national_backbone","Northern Mariana Islands — National backbone / primary ISP anchor","5","role-anchor","PeeringDB / RIR country resources; resolve current network/IXP identity at deployment time","https://www.peeringdb.org/","Preference tier, not a performance or safety guarantee."
"MP","Northern Mariana Islands","2","national_ixp","Northern Mariana Islands — National or primary Internet Exchange anchor","5","role-anchor","PeeringDB / RIR country resources; resolve current network/IXP identity at deployment time","https://www.peeringdb.org/","Preference tier, not a performance or safety guarantee."
"MP","Northern Mariana Islands","3","regional_carrier","Northern Mariana Islands — Regional carrier / upstream ISP anchor","4","role-anchor","PeeringDB / RIR country resources; resolve current network/IXP identity at deployment time","https://www.peeringdb.org/","Preference tier, not a performance or safety guarantee."
"MP","Northern Mariana Islands","4","international_dc","Northern Mariana Islands — International carrier / data-center interconnect anchor","4","role-anchor","PeeringDB / RIR country resources; resolve current network/IXP identity at deployment time","https://www.peeringdb.org/","Preference tier, not a performance or safety guarantee."
"NO","Norway","1","national_backbone","Norway — National backbone / primary ISP anchor","5","role-anchor","PeeringDB / RIR country resources; resolve current network/IXP identity at deployment time","https://www.peeringdb.org/","Preference tier, not a performance or safety guarantee."
"NO","Norway","2","national_ixp","Norway — National or primary Internet Exchange anchor","5","role-anchor","PeeringDB / RIR country resources; resolve current network/IXP identity at deployment time","https://www.peeringdb.org/","Preference tier, not a performance or safety guarantee."
"NO","Norway","3","regional_carrier","Norway — Regional carrier / upstream ISP anchor","4","role-anchor","PeeringDB / RIR country resources; resolve current network/IXP identity at deployment time","https://www.peeringdb.org/","Preference tier, not a performance or safety guarantee."
"NO","Norway","4","international_dc","Norway — International carrier / data-center interconnect anchor","4","role-anchor","PeeringDB / RIR country resources; resolve current network/IXP identity at deployment time","https://www.peeringdb.org/","Preference tier, not a performance or safety guarantee."
"OM","Oman","1","national_backbone","Oman — National backbone / primary ISP anchor","5","role-anchor","PeeringDB / RIR country resources; resolve current network/IXP identity at deployment time","https://www.peeringdb.org/","Preference tier, not a performance or safety guarantee."
"OM","Oman","2","national_ixp","Oman — National or primary Internet Exchange anchor","5","role-anchor","PeeringDB / RIR country resources; resolve current network/IXP identity at deployment time","https://www.peeringdb.org/","Preference tier, not a performance or safety guarantee."
"OM","Oman","3","regional_carrier","Oman — Regional carrier / upstream ISP anchor","4","role-anchor","PeeringDB / RIR country resources; resolve current network/IXP identity at deployment time","https://www.peeringdb.org/","Preference tier, not a performance or safety guarantee."
"OM","Oman","4","international_dc","Oman — International carrier / data-center interconnect anchor","4","role-anchor","PeeringDB / RIR country resources; resolve current network/IXP identity at deployment time","https://www.peeringdb.org/","Preference tier, not a performance or safety guarantee."
"PK","Pakistan","1","national_backbone","Pakistan — National backbone / primary ISP anchor","5","role-anchor","PeeringDB / RIR country resources; resolve current network/IXP identity at deployment time","https://www.peeringdb.org/","Preference tier, not a performance or safety guarantee."
"PK","Pakistan","2","national_ixp","Pakistan — National or primary Internet Exchange anchor","5","role-anchor","PeeringDB / RIR country resources; resolve current network/IXP identity at deployment time","https://www.peeringdb.org/","Preference tier, not a performance or safety guarantee."
"PK","Pakistan","3","regional_carrier","Pakistan — Regional carrier / upstream ISP anchor","4","role-anchor","PeeringDB / RIR country resources; resolve current network/IXP identity at deployment time","https://www.peeringdb.org/","Preference tier, not a performance or safety guarantee."
"PK","Pakistan","4","international_dc","Pakistan — International carrier / data-center interconnect anchor","4","role-anchor","PeeringDB / RIR country resources; resolve current network/IXP identity at deployment time","https://www.peeringdb.org/","Preference tier, not a performance or safety guarantee."
"PW","Palau","1","national_backbone","Palau — National backbone / primary ISP anchor","5","role-anchor","PeeringDB / RIR country resources; resolve current network/IXP identity at deployment time","https://www.peeringdb.org/","Preference tier, not a performance or safety guarantee."
"PW","Palau","2","national_ixp","Palau — National or primary Internet Exchange anchor","5","role-anchor","PeeringDB / RIR country resources; resolve current network/IXP identity at deployment time","https://www.peeringdb.org/","Preference tier, not a performance or safety guarantee."
"PW","Palau","3","regional_carrier","Palau — Regional carrier / upstream ISP anchor","4","role-anchor","PeeringDB / RIR country resources; resolve current network/IXP identity at deployment time","https://www.peeringdb.org/","Preference tier, not a performance or safety guarantee."
"PW","Palau","4","international_dc","Palau — International carrier / data-center interconnect anchor","4","role-anchor","PeeringDB / RIR country resources; resolve current network/IXP identity at deployment time","https://www.peeringdb.org/","Preference tier, not a performance or safety guarantee."
"PS","Palestine, State of","1","national_backbone","Palestine, State of — National backbone / primary ISP anchor","5","role-anchor","PeeringDB / RIR country resources; resolve current network/IXP identity at deployment time","https://www.peeringdb.org/","Preference tier, not a performance or safety guarantee."
"PS","Palestine, State of","2","national_ixp","Palestine, State of — National or primary Internet Exchange anchor","5","role-anchor","PeeringDB / RIR country resources; resolve current network/IXP identity at deployment time","https://www.peeringdb.org/","Preference tier, not a performance or safety guarantee."
"PS","Palestine, State of","3","regional_carrier","Palestine, State of — Regional carrier / upstream ISP anchor","4","role-anchor","PeeringDB / RIR country resources; resolve current network/IXP identity at deployment time","https://www.peeringdb.org/","Preference tier, not a performance or safety guarantee."
"PS","Palestine, State of","4","international_dc","Palestine, State of — International carrier / data-center interconnect anchor","4","role-anchor","PeeringDB / RIR country resources; resolve current network/IXP identity at deployment time","https://www.peeringdb.org/","Preference tier, not a performance or safety guarantee."
"PA","Panama","1","national_backbone","Panama — National backbone / primary ISP anchor","5","role-anchor","PeeringDB / RIR country resources; resolve current network/IXP identity at deployment time","https://www.peeringdb.org/","Preference tier, not a performance or safety guarantee."
"PA","Panama","2","national_ixp","Panama — National or primary Internet Exchange anchor","5","role-anchor","PeeringDB / RIR country resources; resolve current network/IXP identity at deployment time","https://www.peeringdb.org/","Preference tier, not a performance or safety guarantee."
"PA","Panama","3","regional_carrier","Panama — Regional carrier / upstream ISP anchor","4","role-anchor","PeeringDB / RIR country resources; resolve current network/IXP identity at deployment time","https://www.peeringdb.org/","Preference tier, not a performance or safety guarantee."
"PA","Panama","4","international_dc","Panama — International carrier / data-center interconnect anchor","4","role-anchor","PeeringDB / RIR country resources; resolve current network/IXP identity at deployment time","https://www.peeringdb.org/","Preference tier, not a performance or safety guarantee."
"PG","Papua New Guinea","1","national_backbone","Papua New Guinea — National backbone / primary ISP anchor","5","role-anchor","PeeringDB / RIR country resources; resolve current network/IXP identity at deployment time","https://www.peeringdb.org/","Preference tier, not a performance or safety guarantee."
"PG","Papua New Guinea","2","national_ixp","Papua New Guinea — National or primary Internet Exchange anchor","5","role-anchor","PeeringDB / RIR country resources; resolve current network/IXP identity at deployment time","https://www.peeringdb.org/","Preference tier, not a performance or safety guarantee."
"PG","Papua New Guinea","3","regional_carrier","Papua New Guinea — Regional carrier / upstream ISP anchor","4","role-anchor","PeeringDB / RIR country resources; resolve current network/IXP identity at deployment time","https://www.peeringdb.org/","Preference tier, not a performance or safety guarantee."
"PG","Papua New Guinea","4","international_dc","Papua New Guinea — International carrier / data-center interconnect anchor","4","role-anchor","PeeringDB / RIR country resources; resolve current network/IXP identity at deployment time","https://www.peeringdb.org/","Preference tier, not a performance or safety guarantee."
"PY","Paraguay","1","national_backbone","Paraguay — National backbone / primary ISP anchor","5","role-anchor","PeeringDB / RIR country resources; resolve current network/IXP identity at deployment time","https://www.peeringdb.org/","Preference tier, not a performance or safety guarantee."
"PY","Paraguay","2","national_ixp","Paraguay — National or primary Internet Exchange anchor","5","role-anchor","PeeringDB / RIR country resources; resolve current network/IXP identity at deployment time","https://www.peeringdb.org/","Preference tier, not a performance or safety guarantee."
"PY","Paraguay","3","regional_carrier","Paraguay — Regional carrier / upstream ISP anchor","4","role-anchor","PeeringDB / RIR country resources; resolve current network/IXP identity at deployment time","https://www.peeringdb.org/","Preference tier, not a performance or safety guarantee."
"PY","Paraguay","4","international_dc","Paraguay — International carrier / data-center interconnect anchor","4","role-anchor","PeeringDB / RIR country resources; resolve current network/IXP identity at deployment time","https://www.peeringdb.org/","Preference tier, not a performance or safety guarantee."
"PE","Peru","1","national_backbone","Peru — National backbone / primary ISP anchor","5","role-anchor","PeeringDB / RIR country resources; resolve current network/IXP identity at deployment time","https://www.peeringdb.org/","Preference tier, not a performance or safety guarantee."
"PE","Peru","2","national_ixp","Peru — National or primary Internet Exchange anchor","5","role-anchor","PeeringDB / RIR country resources; resolve current network/IXP identity at deployment time","https://www.peeringdb.org/","Preference tier, not a performance or safety guarantee."
"PE","Peru","3","regional_carrier","Peru — Regional carrier / upstream ISP anchor","4","role-anchor","PeeringDB / RIR country resources; resolve current network/IXP identity at deployment time","https://www.peeringdb.org/","Preference tier, not a performance or safety guarantee."
"PE","Peru","4","international_dc","Peru — International carrier / data-center interconnect anchor","4","role-anchor","PeeringDB / RIR country resources; resolve current network/IXP identity at deployment time","https://www.peeringdb.org/","Preference tier, not a performance or safety guarantee."
"PH","Philippines","1","national_backbone","Philippines — National backbone / primary ISP anchor","5","role-anchor","PeeringDB / RIR country resources; resolve current network/IXP identity at deployment time","https://www.peeringdb.org/","Preference tier, not a performance or safety guarantee."
"PH","Philippines","2","national_ixp","Philippines — National or primary Internet Exchange anchor","5","role-anchor","PeeringDB / RIR country resources; resolve current network/IXP identity at deployment time","https://www.peeringdb.org/","Preference tier, not a performance or safety guarantee."
"PH","Philippines","3","regional_carrier","Philippines — Regional carrier / upstream ISP anchor","4","role-anchor","PeeringDB / RIR country resources; resolve current network/IXP identity at deployment time","https://www.peeringdb.org/","Preference tier, not a performance or safety guarantee."
"PH","Philippines","4","international_dc","Philippines — International carrier / data-center interconnect anchor","4","role-anchor","PeeringDB / RIR country resources; resolve current network/IXP identity at deployment time","https://www.peeringdb.org/","Preference tier, not a performance or safety guarantee."
"PN","Pitcairn","1","national_backbone","Pitcairn — National backbone / primary ISP anchor","5","role-anchor","PeeringDB / RIR country resources; resolve current network/IXP identity at deployment time","https://www.peeringdb.org/","Preference tier, not a performance or safety guarantee."
"PN","Pitcairn","2","national_ixp","Pitcairn — National or primary Internet Exchange anchor","5","role-anchor","PeeringDB / RIR country resources; resolve current network/IXP identity at deployment time","https://www.peeringdb.org/","Preference tier, not a performance or safety guarantee."
"PN","Pitcairn","3","regional_carrier","Pitcairn — Regional carrier / upstream ISP anchor","4","role-anchor","PeeringDB / RIR country resources; resolve current network/IXP identity at deployment time","https://www.peeringdb.org/","Preference tier, not a performance or safety guarantee."
"PN","Pitcairn","4","international_dc","Pitcairn — International carrier / data-center interconnect anchor","4","role-anchor","PeeringDB / RIR country resources; resolve current network/IXP identity at deployment time","https://www.peeringdb.org/","Preference tier, not a performance or safety guarantee."
"PL","Poland","1","national_backbone","Poland — National backbone / primary ISP anchor","5","role-anchor","PeeringDB / RIR country resources; resolve current network/IXP identity at deployment time","https://www.peeringdb.org/","Preference tier, not a performance or safety guarantee."
"PL","Poland","2","national_ixp","Poland — National or primary Internet Exchange anchor","5","role-anchor","PeeringDB / RIR country resources; resolve current network/IXP identity at deployment time","https://www.peeringdb.org/","Preference tier, not a performance or safety guarantee."
"PL","Poland","3","regional_carrier","Poland — Regional carrier / upstream ISP anchor","4","role-anchor","PeeringDB / RIR country resources; resolve current network/IXP identity at deployment time","https://www.peeringdb.org/","Preference tier, not a performance or safety guarantee."
"PL","Poland","4","international_dc","Poland — International carrier / data-center interconnect anchor","4","role-anchor","PeeringDB / RIR country resources; resolve current network/IXP identity at deployment time","https://www.peeringdb.org/","Preference tier, not a performance or safety guarantee."
"PT","Portugal","1","national_backbone","Portugal — National backbone / primary ISP anchor","5","role-anchor","PeeringDB / RIR country resources; resolve current network/IXP identity at deployment time","https://www.peeringdb.org/","Preference tier, not a performance or safety guarantee."
"PT","Portugal","2","national_ixp","Portugal — National or primary Internet Exchange anchor","5","role-anchor","PeeringDB / RIR country resources; resolve current network/IXP identity at deployment time","https://www.peeringdb.org/","Preference tier, not a performance or safety guarantee."
"PT","Portugal","3","regional_carrier","Portugal — Regional carrier / upstream ISP anchor","4","role-anchor","PeeringDB / RIR country resources; resolve current network/IXP identity at deployment time","https://www.peeringdb.org/","Preference tier, not a performance or safety guarantee."
"PT","Portugal","4","international_dc","Portugal — International carrier / data-center interconnect anchor","4","role-anchor","PeeringDB / RIR country resources; resolve current network/IXP identity at deployment time","https://www.peeringdb.org/","Preference tier, not a performance or safety guarantee."
"PR","Puerto Rico","1","national_backbone","Puerto Rico — National backbone / primary ISP anchor","5","role-anchor","PeeringDB / RIR country resources; resolve current network/IXP identity at deployment time","https://www.peeringdb.org/","Preference tier, not a performance or safety guarantee."
"PR","Puerto Rico","2","national_ixp","Puerto Rico — National or primary Internet Exchange anchor","5","role-anchor","PeeringDB / RIR country resources; resolve current network/IXP identity at deployment time","https://www.peeringdb.org/","Preference tier, not a performance or safety guarantee."
"PR","Puerto Rico","3","regional_carrier","Puerto Rico — Regional carrier / upstream ISP anchor","4","role-anchor","PeeringDB / RIR country resources; resolve current network/IXP identity at deployment time","https://www.peeringdb.org/","Preference tier, not a performance or safety guarantee."
"PR","Puerto Rico","4","international_dc","Puerto Rico — International carrier / data-center interconnect anchor","4","role-anchor","PeeringDB / RIR country resources; resolve current network/IXP identity at deployment time","https://www.peeringdb.org/","Preference tier, not a performance or safety guarantee."
"QA","Qatar","1","national_backbone","Qatar — National backbone / primary ISP anchor","5","role-anchor","PeeringDB / RIR country resources; resolve current network/IXP identity at deployment time","https://www.peeringdb.org/","Preference tier, not a performance or safety guarantee."
"QA","Qatar","2","national_ixp","Qatar — National or primary Internet Exchange anchor","5","role-anchor","PeeringDB / RIR country resources; resolve current network/IXP identity at deployment time","https://www.peeringdb.org/","Preference tier, not a performance or safety guarantee."
"QA","Qatar","3","regional_carrier","Qatar — Regional carrier / upstream ISP anchor","4","role-anchor","PeeringDB / RIR country resources; resolve current network/IXP identity at deployment time","https://www.peeringdb.org/","Preference tier, not a performance or safety guarantee."
"QA","Qatar","4","international_dc","Qatar — International carrier / data-center interconnect anchor","4","role-anchor","PeeringDB / RIR country resources; resolve current network/IXP identity at deployment time","https://www.peeringdb.org/","Preference tier, not a performance or safety guarantee."
"RO","Romania","1","national_backbone","Romania — National backbone / primary ISP anchor","5","role-anchor","PeeringDB / RIR country resources; resolve current network/IXP identity at deployment time","https://www.peeringdb.org/","Preference tier, not a performance or safety guarantee."
"RO","Romania","2","national_ixp","Romania — National or primary Internet Exchange anchor","5","role-anchor","PeeringDB / RIR country resources; resolve current network/IXP identity at deployment time","https://www.peeringdb.org/","Preference tier, not a performance or safety guarantee."
"RO","Romania","3","regional_carrier","Romania — Regional carrier / upstream ISP anchor","4","role-anchor","PeeringDB / RIR country resources; resolve current network/IXP identity at deployment time","https://www.peeringdb.org/","Preference tier, not a performance or safety guarantee."
"RO","Romania","4","international_dc","Romania — International carrier / data-center interconnect anchor","4","role-anchor","PeeringDB / RIR country resources; resolve current network/IXP identity at deployment time","https://www.peeringdb.org/","Preference tier, not a performance or safety guarantee."
"RU","Russian Federation","1","national_backbone","Russian Federation — National backbone / primary ISP anchor","5","role-anchor","PeeringDB / RIR country resources; resolve current network/IXP identity at deployment time","https://www.peeringdb.org/","Preference tier, not a performance or safety guarantee."
"RU","Russian Federation","2","national_ixp","Russian Federation — National or primary Internet Exchange anchor","5","role-anchor","PeeringDB / RIR country resources; resolve current network/IXP identity at deployment time","https://www.peeringdb.org/","Preference tier, not a performance or safety guarantee."
"RU","Russian Federation","3","regional_carrier","Russian Federation — Regional carrier / upstream ISP anchor","4","role-anchor","PeeringDB / RIR country resources; resolve current network/IXP identity at deployment time","https://www.peeringdb.org/","Preference tier, not a performance or safety guarantee."
"RU","Russian Federation","4","international_dc","Russian Federation — International carrier / data-center interconnect anchor","4","role-anchor","PeeringDB / RIR country resources; resolve current network/IXP identity at deployment time","https://www.peeringdb.org/","Preference tier, not a performance or safety guarantee."
"RW","Rwanda","1","national_backbone","Rwanda — National backbone / primary ISP anchor","5","role-anchor","PeeringDB / RIR country resources; resolve current network/IXP identity at deployment time","https://www.peeringdb.org/","Preference tier, not a performance or safety guarantee."
"RW","Rwanda","2","national_ixp","Rwanda — National or primary Internet Exchange anchor","5","role-anchor","PeeringDB / RIR country resources; resolve current network/IXP identity at deployment time","https://www.peeringdb.org/","Preference tier, not a performance or safety guarantee."
"RW","Rwanda","3","regional_carrier","Rwanda — Regional carrier / upstream ISP anchor","4","role-anchor","PeeringDB / RIR country resources; resolve current network/IXP identity at deployment time","https://www.peeringdb.org/","Preference tier, not a performance or safety guarantee."
"RW","Rwanda","4","international_dc","Rwanda — International carrier / data-center interconnect anchor","4","role-anchor","PeeringDB / RIR country resources; resolve current network/IXP identity at deployment time","https://www.peeringdb.org/","Preference tier, not a performance or safety guarantee."
"RE","Réunion","1","national_backbone","Réunion — National backbone / primary ISP anchor","5","role-anchor","PeeringDB / RIR country resources; resolve current network/IXP identity at deployment time","https://www.peeringdb.org/","Preference tier, not a performance or safety guarantee."
"RE","Réunion","2","national_ixp","Réunion — National or primary Internet Exchange anchor","5","role-anchor","PeeringDB / RIR country resources; resolve current network/IXP identity at deployment time","https://www.peeringdb.org/","Preference tier, not a performance or safety guarantee."
"RE","Réunion","3","regional_carrier","Réunion — Regional carrier / upstream ISP anchor","4","role-anchor","PeeringDB / RIR country resources; resolve current network/IXP identity at deployment time","https://www.peeringdb.org/","Preference tier, not a performance or safety guarantee."
"RE","Réunion","4","international_dc","Réunion — International carrier / data-center interconnect anchor","4","role-anchor","PeeringDB / RIR country resources; resolve current network/IXP identity at deployment time","https://www.peeringdb.org/","Preference tier, not a performance or safety guarantee."
"BL","Saint Barthélemy","1","national_backbone","Saint Barthélemy — National backbone / primary ISP anchor","5","role-anchor","PeeringDB / RIR country resources; resolve current network/IXP identity at deployment time","https://www.peeringdb.org/","Preference tier, not a performance or safety guarantee."
"BL","Saint Barthélemy","2","national_ixp","Saint Barthélemy — National or primary Internet Exchange anchor","5","role-anchor","PeeringDB / RIR country resources; resolve current network/IXP identity at deployment time","https://www.peeringdb.org/","Preference tier, not a performance or safety guarantee."
"BL","Saint Barthélemy","3","regional_carrier","Saint Barthélemy — Regional carrier / upstream ISP anchor","4","role-anchor","PeeringDB / RIR country resources; resolve current network/IXP identity at deployment time","https://www.peeringdb.org/","Preference tier, not a performance or safety guarantee."
"BL","Saint Barthélemy","4","international_dc","Saint Barthélemy — International carrier / data-center interconnect anchor","4","role-anchor","PeeringDB / RIR country resources; resolve current network/IXP identity at deployment time","https://www.peeringdb.org/","Preference tier, not a performance or safety guarantee."
"SH","Saint Helena, Ascension and Tristan da Cunha","1","national_backbone","Saint Helena, Ascension and Tristan da Cunha — National backbone / primary ISP anchor","5","role-anchor","PeeringDB / RIR country resources; resolve current network/IXP identity at deployment time","https://www.peeringdb.org/","Preference tier, not a performance or safety guarantee."
"SH","Saint Helena, Ascension and Tristan da Cunha","2","national_ixp","Saint Helena, Ascension and Tristan da Cunha — National or primary Internet Exchange anchor","5","role-anchor","PeeringDB / RIR country resources; resolve current network/IXP identity at deployment time","https://www.peeringdb.org/","Preference tier, not a performance or safety guarantee."
"SH","Saint Helena, Ascension and Tristan da Cunha","3","regional_carrier","Saint Helena, Ascension and Tristan da Cunha — Regional carrier / upstream ISP anchor","4","role-anchor","PeeringDB / RIR country resources; resolve current network/IXP identity at deployment time","https://www.peeringdb.org/","Preference tier, not a performance or safety guarantee."
"SH","Saint Helena, Ascension and Tristan da Cunha","4","international_dc","Saint Helena, Ascension and Tristan da Cunha — International carrier / data-center interconnect anchor","4","role-anchor","PeeringDB / RIR country resources; resolve current network/IXP identity at deployment time","https://www.peeringdb.org/","Preference tier, not a performance or safety guarantee."
"KN","Saint Kitts and Nevis","1","national_backbone","Saint Kitts and Nevis — National backbone / primary ISP anchor","5","role-anchor","PeeringDB / RIR country resources; resolve current network/IXP identity at deployment time","https://www.peeringdb.org/","Preference tier, not a performance or safety guarantee."
"KN","Saint Kitts and Nevis","2","national_ixp","Saint Kitts and Nevis — National or primary Internet Exchange anchor","5","role-anchor","PeeringDB / RIR country resources; resolve current network/IXP identity at deployment time","https://www.peeringdb.org/","Preference tier, not a performance or safety guarantee."
"KN","Saint Kitts and Nevis","3","regional_carrier","Saint Kitts and Nevis — Regional carrier / upstream ISP anchor","4","role-anchor","PeeringDB / RIR country resources; resolve current network/IXP identity at deployment time","https://www.peeringdb.org/","Preference tier, not a performance or safety guarantee."
"KN","Saint Kitts and Nevis","4","international_dc","Saint Kitts and Nevis — International carrier / data-center interconnect anchor","4","role-anchor","PeeringDB / RIR country resources; resolve current network/IXP identity at deployment time","https://www.peeringdb.org/","Preference tier, not a performance or safety guarantee."
"LC","Saint Lucia","1","national_backbone","Saint Lucia — National backbone / primary ISP anchor","5","role-anchor","PeeringDB / RIR country resources; resolve current network/IXP identity at deployment time","https://www.peeringdb.org/","Preference tier, not a performance or safety guarantee."
"LC","Saint Lucia","2","national_ixp","Saint Lucia — National or primary Internet Exchange anchor","5","role-anchor","PeeringDB / RIR country resources; resolve current network/IXP identity at deployment time","https://www.peeringdb.org/","Preference tier, not a performance or safety guarantee."
"LC","Saint Lucia","3","regional_carrier","Saint Lucia — Regional carrier / upstream ISP anchor","4","role-anchor","PeeringDB / RIR country resources; resolve current network/IXP identity at deployment time","https://www.peeringdb.org/","Preference tier, not a performance or safety guarantee."
"LC","Saint Lucia","4","international_dc","Saint Lucia — International carrier / data-center interconnect anchor","4","role-anchor","PeeringDB / RIR country resources; resolve current network/IXP identity at deployment time","https://www.peeringdb.org/","Preference tier, not a performance or safety guarantee."
"MF","Saint Martin (French part)","1","national_backbone","Saint Martin (French part) — National backbone / primary ISP anchor","5","role-anchor","PeeringDB / RIR country resources; resolve current network/IXP identity at deployment time","https://www.peeringdb.org/","Preference tier, not a performance or safety guarantee."
"MF","Saint Martin (French part)","2","national_ixp","Saint Martin (French part) — National or primary Internet Exchange anchor","5","role-anchor","PeeringDB / RIR country resources; resolve current network/IXP identity at deployment time","https://www.peeringdb.org/","Preference tier, not a performance or safety guarantee."
"MF","Saint Martin (French part)","3","regional_carrier","Saint Martin (French part) — Regional carrier / upstream ISP anchor","4","role-anchor","PeeringDB / RIR country resources; resolve current network/IXP identity at deployment time","https://www.peeringdb.org/","Preference tier, not a performance or safety guarantee."
"MF","Saint Martin (French part)","4","international_dc","Saint Martin (French part) — International carrier / data-center interconnect anchor","4","role-anchor","PeeringDB / RIR country resources; resolve current network/IXP identity at deployment time","https://www.peeringdb.org/","Preference tier, not a performance or safety guarantee."
"PM","Saint Pierre and Miquelon","1","national_backbone","Saint Pierre and Miquelon — National backbone / primary ISP anchor","5","role-anchor","PeeringDB / RIR country resources; resolve current network/IXP identity at deployment time","https://www.peeringdb.org/","Preference tier, not a performance or safety guarantee."
"PM","Saint Pierre and Miquelon","2","national_ixp","Saint Pierre and Miquelon — National or primary Internet Exchange anchor","5","role-anchor","PeeringDB / RIR country resources; resolve current network/IXP identity at deployment time","https://www.peeringdb.org/","Preference tier, not a performance or safety guarantee."
"PM","Saint Pierre and Miquelon","3","regional_carrier","Saint Pierre and Miquelon — Regional carrier / upstream ISP anchor","4","role-anchor","PeeringDB / RIR country resources; resolve current network/IXP identity at deployment time","https://www.peeringdb.org/","Preference tier, not a performance or safety guarantee."
"PM","Saint Pierre and Miquelon","4","international_dc","Saint Pierre and Miquelon — International carrier / data-center interconnect anchor","4","role-anchor","PeeringDB / RIR country resources; resolve current network/IXP identity at deployment time","https://www.peeringdb.org/","Preference tier, not a performance or safety guarantee."
"VC","Saint Vincent and the Grenadines","1","national_backbone","Saint Vincent and the Grenadines — National backbone / primary ISP anchor","5","role-anchor","PeeringDB / RIR country resources; resolve current network/IXP identity at deployment time","https://www.peeringdb.org/","Preference tier, not a performance or safety guarantee."
"VC","Saint Vincent and the Grenadines","2","national_ixp","Saint Vincent and the Grenadines — National or primary Internet Exchange anchor","5","role-anchor","PeeringDB / RIR country resources; resolve current network/IXP identity at deployment time","https://www.peeringdb.org/","Preference tier, not a performance or safety guarantee."
"VC","Saint Vincent and the Grenadines","3","regional_carrier","Saint Vincent and the Grenadines — Regional carrier / upstream ISP anchor","4","role-anchor","PeeringDB / RIR country resources; resolve current network/IXP identity at deployment time","https://www.peeringdb.org/","Preference tier, not a performance or safety guarantee."
"VC","Saint Vincent and the Grenadines","4","international_dc","Saint Vincent and the Grenadines — International carrier / data-center interconnect anchor","4","role-anchor","PeeringDB / RIR country resources; resolve current network/IXP identity at deployment time","https://www.peeringdb.org/","Preference tier, not a performance or safety guarantee."
"WS","Samoa","1","national_backbone","Samoa — National backbone / primary ISP anchor","5","role-anchor","PeeringDB / RIR country resources; resolve current network/IXP identity at deployment time","https://www.peeringdb.org/","Preference tier, not a performance or safety guarantee."
"WS","Samoa","2","national_ixp","Samoa — National or primary Internet Exchange anchor","5","role-anchor","PeeringDB / RIR country resources; resolve current network/IXP identity at deployment time","https://www.peeringdb.org/","Preference tier, not a performance or safety guarantee."
"WS","Samoa","3","regional_carrier","Samoa — Regional carrier / upstream ISP anchor","4","role-anchor","PeeringDB / RIR country resources; resolve current network/IXP identity at deployment time","https://www.peeringdb.org/","Preference tier, not a performance or safety guarantee."
"WS","Samoa","4","international_dc","Samoa — International carrier / data-center interconnect anchor","4","role-anchor","PeeringDB / RIR country resources; resolve current network/IXP identity at deployment time","https://www.peeringdb.org/","Preference tier, not a performance or safety guarantee."
"SM","San Marino","1","national_backbone","San Marino — National backbone / primary ISP anchor","5","role-anchor","PeeringDB / RIR country resources; resolve current network/IXP identity at deployment time","https://www.peeringdb.org/","Preference tier, not a performance or safety guarantee."
"SM","San Marino","2","national_ixp","San Marino — National or primary Internet Exchange anchor","5","role-anchor","PeeringDB / RIR country resources; resolve current network/IXP identity at deployment time","https://www.peeringdb.org/","Preference tier, not a performance or safety guarantee."
"SM","San Marino","3","regional_carrier","San Marino — Regional carrier / upstream ISP anchor","4","role-anchor","PeeringDB / RIR country resources; resolve current network/IXP identity at deployment time","https://www.peeringdb.org/","Preference tier, not a performance or safety guarantee."
"SM","San Marino","4","international_dc","San Marino — International carrier / data-center interconnect anchor","4","role-anchor","PeeringDB / RIR country resources; resolve current network/IXP identity at deployment time","https://www.peeringdb.org/","Preference tier, not a performance or safety guarantee."
"ST","Sao Tome and Principe","1","national_backbone","Sao Tome and Principe — National backbone / primary ISP anchor","5","role-anchor","PeeringDB / RIR country resources; resolve current network/IXP identity at deployment time","https://www.peeringdb.org/","Preference tier, not a performance or safety guarantee."
"ST","Sao Tome and Principe","2","national_ixp","Sao Tome and Principe — National or primary Internet Exchange anchor","5","role-anchor","PeeringDB / RIR country resources; resolve current network/IXP identity at deployment time","https://www.peeringdb.org/","Preference tier, not a performance or safety guarantee."
"ST","Sao Tome and Principe","3","regional_carrier","Sao Tome and Principe — Regional carrier / upstream ISP anchor","4","role-anchor","PeeringDB / RIR country resources; resolve current network/IXP identity at deployment time","https://www.peeringdb.org/","Preference tier, not a performance or safety guarantee."
"ST","Sao Tome and Principe","4","international_dc","Sao Tome and Principe — International carrier / data-center interconnect anchor","4","role-anchor","PeeringDB / RIR country resources; resolve current network/IXP identity at deployment time","https://www.peeringdb.org/","Preference tier, not a performance or safety guarantee."
"SA","Saudi Arabia","1","national_backbone","Saudi Arabia — National backbone / primary ISP anchor","5","role-anchor","PeeringDB / RIR country resources; resolve current network/IXP identity at deployment time","https://www.peeringdb.org/","Preference tier, not a performance or safety guarantee."
"SA","Saudi Arabia","2","national_ixp","Saudi Arabia — National or primary Internet Exchange anchor","5","role-anchor","PeeringDB / RIR country resources; resolve current network/IXP identity at deployment time","https://www.peeringdb.org/","Preference tier, not a performance or safety guarantee."
"SA","Saudi Arabia","3","regional_carrier","Saudi Arabia — Regional carrier / upstream ISP anchor","4","role-anchor","PeeringDB / RIR country resources; resolve current network/IXP identity at deployment time","https://www.peeringdb.org/","Preference tier, not a performance or safety guarantee."
"SA","Saudi Arabia","4","international_dc","Saudi Arabia — International carrier / data-center interconnect anchor","4","role-anchor","PeeringDB / RIR country resources; resolve current network/IXP identity at deployment time","https://www.peeringdb.org/","Preference tier, not a performance or safety guarantee."
"SN","Senegal","1","national_backbone","Senegal — National backbone / primary ISP anchor","5","role-anchor","PeeringDB / RIR country resources; resolve current network/IXP identity at deployment time","https://www.peeringdb.org/","Preference tier, not a performance or safety guarantee."
"SN","Senegal","2","national_ixp","Senegal — National or primary Internet Exchange anchor","5","role-anchor","PeeringDB / RIR country resources; resolve current network/IXP identity at deployment time","https://www.peeringdb.org/","Preference tier, not a performance or safety guarantee."
"SN","Senegal","3","regional_carrier","Senegal — Regional carrier / upstream ISP anchor","4","role-anchor","PeeringDB / RIR country resources; resolve current network/IXP identity at deployment time","https://www.peeringdb.org/","Preference tier, not a performance or safety guarantee."
"SN","Senegal","4","international_dc","Senegal — International carrier / data-center interconnect anchor","4","role-anchor","PeeringDB / RIR country resources; resolve current network/IXP identity at deployment time","https://www.peeringdb.org/","Preference tier, not a performance or safety guarantee."
"RS","Serbia","1","national_backbone","Serbia — National backbone / primary ISP anchor","5","role-anchor","PeeringDB / RIR country resources; resolve current network/IXP identity at deployment time","https://www.peeringdb.org/","Preference tier, not a performance or safety guarantee."
"RS","Serbia","2","national_ixp","Serbia — National or primary Internet Exchange anchor","5","role-anchor","PeeringDB / RIR country resources; resolve current network/IXP identity at deployment time","https://www.peeringdb.org/","Preference tier, not a performance or safety guarantee."
"RS","Serbia","3","regional_carrier","Serbia — Regional carrier / upstream ISP anchor","4","role-anchor","PeeringDB / RIR country resources; resolve current network/IXP identity at deployment time","https://www.peeringdb.org/","Preference tier, not a performance or safety guarantee."
"RS","Serbia","4","international_dc","Serbia — International carrier / data-center interconnect anchor","4","role-anchor","PeeringDB / RIR country resources; resolve current network/IXP identity at deployment time","https://www.peeringdb.org/","Preference tier, not a performance or safety guarantee."
"SC","Seychelles","1","national_backbone","Seychelles — National backbone / primary ISP anchor","5","role-anchor","PeeringDB / RIR country resources; resolve current network/IXP identity at deployment time","https://www.peeringdb.org/","Preference tier, not a performance or safety guarantee."
"SC","Seychelles","2","national_ixp","Seychelles — National or primary Internet Exchange anchor","5","role-anchor","PeeringDB / RIR country resources; resolve current network/IXP identity at deployment time","https://www.peeringdb.org/","Preference tier, not a performance or safety guarantee."
"SC","Seychelles","3","regional_carrier","Seychelles — Regional carrier / upstream ISP anchor","4","role-anchor","PeeringDB / RIR country resources; resolve current network/IXP identity at deployment time","https://www.peeringdb.org/","Preference tier, not a performance or safety guarantee."
"SC","Seychelles","4","international_dc","Seychelles — International carrier / data-center interconnect anchor","4","role-anchor","PeeringDB / RIR country resources; resolve current network/IXP identity at deployment time","https://www.peeringdb.org/","Preference tier, not a performance or safety guarantee."
"SL","Sierra Leone","1","national_backbone","Sierra Leone — National backbone / primary ISP anchor","5","role-anchor","PeeringDB / RIR country resources; resolve current network/IXP identity at deployment time","https://www.peeringdb.org/","Preference tier, not a performance or safety guarantee."
"SL","Sierra Leone","2","national_ixp","Sierra Leone — National or primary Internet Exchange anchor","5","role-anchor","PeeringDB / RIR country resources; resolve current network/IXP identity at deployment time","https://www.peeringdb.org/","Preference tier, not a performance or safety guarantee."
"SL","Sierra Leone","3","regional_carrier","Sierra Leone — Regional carrier / upstream ISP anchor","4","role-anchor","PeeringDB / RIR country resources; resolve current network/IXP identity at deployment time","https://www.peeringdb.org/","Preference tier, not a performance or safety guarantee."
"SL","Sierra Leone","4","international_dc","Sierra Leone — International carrier / data-center interconnect anchor","4","role-anchor","PeeringDB / RIR country resources; resolve current network/IXP identity at deployment time","https://www.peeringdb.org/","Preference tier, not a performance or safety guarantee."
"SG","Singapore","1","national_backbone","Singapore — National backbone / primary ISP anchor","5","role-anchor","PeeringDB / RIR country resources; resolve current network/IXP identity at deployment time","https://www.peeringdb.org/","Preference tier, not a performance or safety guarantee."
"SG","Singapore","2","national_ixp","Singapore — National or primary Internet Exchange anchor","5","role-anchor","PeeringDB / RIR country resources; resolve current network/IXP identity at deployment time","https://www.peeringdb.org/","Preference tier, not a performance or safety guarantee."
"SG","Singapore","3","regional_carrier","Singapore — Regional carrier / upstream ISP anchor","4","role-anchor","PeeringDB / RIR country resources; resolve current network/IXP identity at deployment time","https://www.peeringdb.org/","Preference tier, not a performance or safety guarantee."
"SG","Singapore","4","international_dc","Singapore — International carrier / data-center interconnect anchor","4","role-anchor","PeeringDB / RIR country resources; resolve current network/IXP identity at deployment time","https://www.peeringdb.org/","Preference tier, not a performance or safety guarantee."
"SX","Sint Maarten (Dutch part)","1","national_backbone","Sint Maarten (Dutch part) — National backbone / primary ISP anchor","5","role-anchor","PeeringDB / RIR country resources; resolve current network/IXP identity at deployment time","https://www.peeringdb.org/","Preference tier, not a performance or safety guarantee."
"SX","Sint Maarten (Dutch part)","2","national_ixp","Sint Maarten (Dutch part) — National or primary Internet Exchange anchor","5","role-anchor","PeeringDB / RIR country resources; resolve current network/IXP identity at deployment time","https://www.peeringdb.org/","Preference tier, not a performance or safety guarantee."
"SX","Sint Maarten (Dutch part)","3","regional_carrier","Sint Maarten (Dutch part) — Regional carrier / upstream ISP anchor","4","role-anchor","PeeringDB / RIR country resources; resolve current network/IXP identity at deployment time","https://www.peeringdb.org/","Preference tier, not a performance or safety guarantee."
"SX","Sint Maarten (Dutch part)","4","international_dc","Sint Maarten (Dutch part) — International carrier / data-center interconnect anchor","4","role-anchor","PeeringDB / RIR country resources; resolve current network/IXP identity at deployment time","https://www.peeringdb.org/","Preference tier, not a performance or safety guarantee."
"SK","Slovakia","1","national_backbone","Slovakia — National backbone / primary ISP anchor","5","role-anchor","PeeringDB / RIR country resources; resolve current network/IXP identity at deployment time","https://www.peeringdb.org/","Preference tier, not a performance or safety guarantee."
"SK","Slovakia","2","national_ixp","Slovakia — National or primary Internet Exchange anchor","5","role-anchor","PeeringDB / RIR country resources; resolve current network/IXP identity at deployment time","https://www.peeringdb.org/","Preference tier, not a performance or safety guarantee."
"SK","Slovakia","3","regional_carrier","Slovakia — Regional carrier / upstream ISP anchor","4","role-anchor","PeeringDB / RIR country resources; resolve current network/IXP identity at deployment time","https://www.peeringdb.org/","Preference tier, not a performance or safety guarantee."
"SK","Slovakia","4","international_dc","Slovakia — International carrier / data-center interconnect anchor","4","role-anchor","PeeringDB / RIR country resources; resolve current network/IXP identity at deployment time","https://www.peeringdb.org/","Preference tier, not a performance or safety guarantee."
"SI","Slovenia","1","national_backbone","Slovenia — National backbone / primary ISP anchor","5","role-anchor","PeeringDB / RIR country resources; resolve current network/IXP identity at deployment time","https://www.peeringdb.org/","Preference tier, not a performance or safety guarantee."
"SI","Slovenia","2","national_ixp","Slovenia — National or primary Internet Exchange anchor","5","role-anchor","PeeringDB / RIR country resources; resolve current network/IXP identity at deployment time","https://www.peeringdb.org/","Preference tier, not a performance or safety guarantee."
"SI","Slovenia","3","regional_carrier","Slovenia — Regional carrier / upstream ISP anchor","4","role-anchor","PeeringDB / RIR country resources; resolve current network/IXP identity at deployment time","https://www.peeringdb.org/","Preference tier, not a performance or safety guarantee."
"SI","Slovenia","4","international_dc","Slovenia — International carrier / data-center interconnect anchor","4","role-anchor","PeeringDB / RIR country resources; resolve current network/IXP identity at deployment time","https://www.peeringdb.org/","Preference tier, not a performance or safety guarantee."
"SB","Solomon Islands","1","national_backbone","Solomon Islands — National backbone / primary ISP anchor","5","role-anchor","PeeringDB / RIR country resources; resolve current network/IXP identity at deployment time","https://www.peeringdb.org/","Preference tier, not a performance or safety guarantee."
"SB","Solomon Islands","2","national_ixp","Solomon Islands — National or primary Internet Exchange anchor","5","role-anchor","PeeringDB / RIR country resources; resolve current network/IXP identity at deployment time","https://www.peeringdb.org/","Preference tier, not a performance or safety guarantee."
"SB","Solomon Islands","3","regional_carrier","Solomon Islands — Regional carrier / upstream ISP anchor","4","role-anchor","PeeringDB / RIR country resources; resolve current network/IXP identity at deployment time","https://www.peeringdb.org/","Preference tier, not a performance or safety guarantee."
"SB","Solomon Islands","4","international_dc","Solomon Islands — International carrier / data-center interconnect anchor","4","role-anchor","PeeringDB / RIR country resources; resolve current network/IXP identity at deployment time","https://www.peeringdb.org/","Preference tier, not a performance or safety guarantee."
"SO","Somalia","1","national_backbone","Somalia — National backbone / primary ISP anchor","5","role-anchor","PeeringDB / RIR country resources; resolve current network/IXP identity at deployment time","https://www.peeringdb.org/","Preference tier, not a performance or safety guarantee."
"SO","Somalia","2","national_ixp","Somalia — National or primary Internet Exchange anchor","5","role-anchor","PeeringDB / RIR country resources; resolve current network/IXP identity at deployment time","https://www.peeringdb.org/","Preference tier, not a performance or safety guarantee."
"SO","Somalia","3","regional_carrier","Somalia — Regional carrier / upstream ISP anchor","4","role-anchor","PeeringDB / RIR country resources; resolve current network/IXP identity at deployment time","https://www.peeringdb.org/","Preference tier, not a performance or safety guarantee."
"SO","Somalia","4","international_dc","Somalia — International carrier / data-center interconnect anchor","4","role-anchor","PeeringDB / RIR country resources; resolve current network/IXP identity at deployment time","https://www.peeringdb.org/","Preference tier, not a performance or safety guarantee."
"ZA","South Africa","1","national_backbone","South Africa — National backbone / primary ISP anchor","5","role-anchor","PeeringDB / RIR country resources; resolve current network/IXP identity at deployment time","https://www.peeringdb.org/","Preference tier, not a performance or safety guarantee."
"ZA","South Africa","2","national_ixp","South Africa — National or primary Internet Exchange anchor","5","role-anchor","PeeringDB / RIR country resources; resolve current network/IXP identity at deployment time","https://www.peeringdb.org/","Preference tier, not a performance or safety guarantee."
"ZA","South Africa","3","regional_carrier","South Africa — Regional carrier / upstream ISP anchor","4","role-anchor","PeeringDB / RIR country resources; resolve current network/IXP identity at deployment time","https://www.peeringdb.org/","Preference tier, not a performance or safety guarantee."
"ZA","South Africa","4","international_dc","South Africa — International carrier / data-center interconnect anchor","4","role-anchor","PeeringDB / RIR country resources; resolve current network/IXP identity at deployment time","https://www.peeringdb.org/","Preference tier, not a performance or safety guarantee."
"GS","South Georgia and the South Sandwich Islands","1","national_backbone","South Georgia and the South Sandwich Islands — National backbone / primary ISP anchor","5","role-anchor","PeeringDB / RIR country resources; resolve current network/IXP identity at deployment time","https://www.peeringdb.org/","Preference tier, not a performance or safety guarantee."
"GS","South Georgia and the South Sandwich Islands","2","national_ixp","South Georgia and the South Sandwich Islands — National or primary Internet Exchange anchor","5","role-anchor","PeeringDB / RIR country resources; resolve current network/IXP identity at deployment time","https://www.peeringdb.org/","Preference tier, not a performance or safety guarantee."
"GS","South Georgia and the South Sandwich Islands","3","regional_carrier","South Georgia and the South Sandwich Islands — Regional carrier / upstream ISP anchor","4","role-anchor","PeeringDB / RIR country resources; resolve current network/IXP identity at deployment time","https://www.peeringdb.org/","Preference tier, not a performance or safety guarantee."
"GS","South Georgia and the South Sandwich Islands","4","international_dc","South Georgia and the South Sandwich Islands — International carrier / data-center interconnect anchor","4","role-anchor","PeeringDB / RIR country resources; resolve current network/IXP identity at deployment time","https://www.peeringdb.org/","Preference tier, not a performance or safety guarantee."
"SS","South Sudan","1","national_backbone","South Sudan — National backbone / primary ISP anchor","5","role-anchor","PeeringDB / RIR country resources; resolve current network/IXP identity at deployment time","https://www.peeringdb.org/","Preference tier, not a performance or safety guarantee."
"SS","South Sudan","2","national_ixp","South Sudan — National or primary Internet Exchange anchor","5","role-anchor","PeeringDB / RIR country resources; resolve current network/IXP identity at deployment time","https://www.peeringdb.org/","Preference tier, not a performance or safety guarantee."
"SS","South Sudan","3","regional_carrier","South Sudan — Regional carrier / upstream ISP anchor","4","role-anchor","PeeringDB / RIR country resources; resolve current network/IXP identity at deployment time","https://www.peeringdb.org/","Preference tier, not a performance or safety guarantee."
"SS","South Sudan","4","international_dc","South Sudan — International carrier / data-center interconnect anchor","4","role-anchor","PeeringDB / RIR country resources; resolve current network/IXP identity at deployment time","https://www.peeringdb.org/","Preference tier, not a performance or safety guarantee."
"ES","Spain","1","national_backbone","Spain — National backbone / primary ISP anchor","5","role-anchor","PeeringDB / RIR country resources; resolve current network/IXP identity at deployment time","https://www.peeringdb.org/","Preference tier, not a performance or safety guarantee."
"ES","Spain","2","national_ixp","Spain — National or primary Internet Exchange anchor","5","role-anchor","PeeringDB / RIR country resources; resolve current network/IXP identity at deployment time","https://www.peeringdb.org/","Preference tier, not a performance or safety guarantee."
"ES","Spain","3","regional_carrier","Spain — Regional carrier / upstream ISP anchor","4","role-anchor","PeeringDB / RIR country resources; resolve current network/IXP identity at deployment time","https://www.peeringdb.org/","Preference tier, not a performance or safety guarantee."
"ES","Spain","4","international_dc","Spain — International carrier / data-center interconnect anchor","4","role-anchor","PeeringDB / RIR country resources; resolve current network/IXP identity at deployment time","https://www.peeringdb.org/","Preference tier, not a performance or safety guarantee."
"LK","Sri Lanka","1","national_backbone","Sri Lanka — National backbone / primary ISP anchor","5","role-anchor","PeeringDB / RIR country resources; resolve current network/IXP identity at deployment time","https://www.peeringdb.org/","Preference tier, not a performance or safety guarantee."
"LK","Sri Lanka","2","national_ixp","Sri Lanka — National or primary Internet Exchange anchor","5","role-anchor","PeeringDB / RIR country resources; resolve current network/IXP identity at deployment time","https://www.peeringdb.org/","Preference tier, not a performance or safety guarantee."
"LK","Sri Lanka","3","regional_carrier","Sri Lanka — Regional carrier / upstream ISP anchor","4","role-anchor","PeeringDB / RIR country resources; resolve current network/IXP identity at deployment time","https://www.peeringdb.org/","Preference tier, not a performance or safety guarantee."
"LK","Sri Lanka","4","international_dc","Sri Lanka — International carrier / data-center interconnect anchor","4","role-anchor","PeeringDB / RIR country resources; resolve current network/IXP identity at deployment time","https://www.peeringdb.org/","Preference tier, not a performance or safety guarantee."
"SD","Sudan","1","national_backbone","Sudan — National backbone / primary ISP anchor","5","role-anchor","PeeringDB / RIR country resources; resolve current network/IXP identity at deployment time","https://www.peeringdb.org/","Preference tier, not a performance or safety guarantee."
"SD","Sudan","2","national_ixp","Sudan — National or primary Internet Exchange anchor","5","role-anchor","PeeringDB / RIR country resources; resolve current network/IXP identity at deployment time","https://www.peeringdb.org/","Preference tier, not a performance or safety guarantee."
"SD","Sudan","3","regional_carrier","Sudan — Regional carrier / upstream ISP anchor","4","role-anchor","PeeringDB / RIR country resources; resolve current network/IXP identity at deployment time","https://www.peeringdb.org/","Preference tier, not a performance or safety guarantee."
"SD","Sudan","4","international_dc","Sudan — International carrier / data-center interconnect anchor","4","role-anchor","PeeringDB / RIR country resources; resolve current network/IXP identity at deployment time","https://www.peeringdb.org/","Preference tier, not a performance or safety guarantee."
"SR","Suriname","1","national_backbone","Suriname — National backbone / primary ISP anchor","5","role-anchor","PeeringDB / RIR country resources; resolve current network/IXP identity at deployment time","https://www.peeringdb.org/","Preference tier, not a performance or safety guarantee."
"SR","Suriname","2","national_ixp","Suriname — National or primary Internet Exchange anchor","5","role-anchor","PeeringDB / RIR country resources; resolve current network/IXP identity at deployment time","https://www.peeringdb.org/","Preference tier, not a performance or safety guarantee."
"SR","Suriname","3","regional_carrier","Suriname — Regional carrier / upstream ISP anchor","4","role-anchor","PeeringDB / RIR country resources; resolve current network/IXP identity at deployment time","https://www.peeringdb.org/","Preference tier, not a performance or safety guarantee."
"SR","Suriname","4","international_dc","Suriname — International carrier / data-center interconnect anchor","4","role-anchor","PeeringDB / RIR country resources; resolve current network/IXP identity at deployment time","https://www.peeringdb.org/","Preference tier, not a performance or safety guarantee."
"SJ","Svalbard and Jan Mayen","1","national_backbone","Svalbard and Jan Mayen — National backbone / primary ISP anchor","5","role-anchor","PeeringDB / RIR country resources; resolve current network/IXP identity at deployment time","https://www.peeringdb.org/","Preference tier, not a performance or safety guarantee."
"SJ","Svalbard and Jan Mayen","2","national_ixp","Svalbard and Jan Mayen — National or primary Internet Exchange anchor","5","role-anchor","PeeringDB / RIR country resources; resolve current network/IXP identity at deployment time","https://www.peeringdb.org/","Preference tier, not a performance or safety guarantee."
"SJ","Svalbard and Jan Mayen","3","regional_carrier","Svalbard and Jan Mayen — Regional carrier / upstream ISP anchor","4","role-anchor","PeeringDB / RIR country resources; resolve current network/IXP identity at deployment time","https://www.peeringdb.org/","Preference tier, not a performance or safety guarantee."
"SJ","Svalbard and Jan Mayen","4","international_dc","Svalbard and Jan Mayen — International carrier / data-center interconnect anchor","4","role-anchor","PeeringDB / RIR country resources; resolve current network/IXP identity at deployment time","https://www.peeringdb.org/","Preference tier, not a performance or safety guarantee."
"SE","Sweden","1","national_backbone","Sweden — National backbone / primary ISP anchor","5","role-anchor","PeeringDB / RIR country resources; resolve current network/IXP identity at deployment time","https://www.peeringdb.org/","Preference tier, not a performance or safety guarantee."
"SE","Sweden","2","national_ixp","Sweden — National or primary Internet Exchange anchor","5","role-anchor","PeeringDB / RIR country resources; resolve current network/IXP identity at deployment time","https://www.peeringdb.org/","Preference tier, not a performance or safety guarantee."
"SE","Sweden","3","regional_carrier","Sweden — Regional carrier / upstream ISP anchor","4","role-anchor","PeeringDB / RIR country resources; resolve current network/IXP identity at deployment time","https://www.peeringdb.org/","Preference tier, not a performance or safety guarantee."
"SE","Sweden","4","international_dc","Sweden — International carrier / data-center interconnect anchor","4","role-anchor","PeeringDB / RIR country resources; resolve current network/IXP identity at deployment time","https://www.peeringdb.org/","Preference tier, not a performance or safety guarantee."
"CH","Switzerland","1","national_backbone","Switzerland — National backbone / primary ISP anchor","5","role-anchor","PeeringDB / RIR country resources; resolve current network/IXP identity at deployment time","https://www.peeringdb.org/","Preference tier, not a performance or safety guarantee."
"CH","Switzerland","2","national_ixp","Switzerland — National or primary Internet Exchange anchor","5","role-anchor","PeeringDB / RIR country resources; resolve current network/IXP identity at deployment time","https://www.peeringdb.org/","Preference tier, not a performance or safety guarantee."
"CH","Switzerland","3","regional_carrier","Switzerland — Regional carrier / upstream ISP anchor","4","role-anchor","PeeringDB / RIR country resources; resolve current network/IXP identity at deployment time","https://www.peeringdb.org/","Preference tier, not a performance or safety guarantee."
"CH","Switzerland","4","international_dc","Switzerland — International carrier / data-center interconnect anchor","4","role-anchor","PeeringDB / RIR country resources; resolve current network/IXP identity at deployment time","https://www.peeringdb.org/","Preference tier, not a performance or safety guarantee."
"SY","Syrian Arab Republic","1","national_backbone","Syrian Arab Republic — National backbone / primary ISP anchor","5","role-anchor","PeeringDB / RIR country resources; resolve current network/IXP identity at deployment time","https://www.peeringdb.org/","Preference tier, not a performance or safety guarantee."
"SY","Syrian Arab Republic","2","national_ixp","Syrian Arab Republic — National or primary Internet Exchange anchor","5","role-anchor","PeeringDB / RIR country resources; resolve current network/IXP identity at deployment time","https://www.peeringdb.org/","Preference tier, not a performance or safety guarantee."
"SY","Syrian Arab Republic","3","regional_carrier","Syrian Arab Republic — Regional carrier / upstream ISP anchor","4","role-anchor","PeeringDB / RIR country resources; resolve current network/IXP identity at deployment time","https://www.peeringdb.org/","Preference tier, not a performance or safety guarantee."
"SY","Syrian Arab Republic","4","international_dc","Syrian Arab Republic — International carrier / data-center interconnect anchor","4","role-anchor","PeeringDB / RIR country resources; resolve current network/IXP identity at deployment time","https://www.peeringdb.org/","Preference tier, not a performance or safety guarantee."
"TW","Taiwan, Province of China","1","national_backbone","Taiwan, Province of China — National backbone / primary ISP anchor","5","role-anchor","PeeringDB / RIR country resources; resolve current network/IXP identity at deployment time","https://www.peeringdb.org/","Preference tier, not a performance or safety guarantee."
"TW","Taiwan, Province of China","2","national_ixp","Taiwan, Province of China — National or primary Internet Exchange anchor","5","role-anchor","PeeringDB / RIR country resources; resolve current network/IXP identity at deployment time","https://www.peeringdb.org/","Preference tier, not a performance or safety guarantee."
"TW","Taiwan, Province of China","3","regional_carrier","Taiwan, Province of China — Regional carrier / upstream ISP anchor","4","role-anchor","PeeringDB / RIR country resources; resolve current network/IXP identity at deployment time","https://www.peeringdb.org/","Preference tier, not a performance or safety guarantee."
"TW","Taiwan, Province of China","4","international_dc","Taiwan, Province of China — International carrier / data-center interconnect anchor","4","role-anchor","PeeringDB / RIR country resources; resolve current network/IXP identity at deployment time","https://www.peeringdb.org/","Preference tier, not a performance or safety guarantee."
"TJ","Tajikistan","1","national_backbone","Tajikistan — National backbone / primary ISP anchor","5","role-anchor","PeeringDB / RIR country resources; resolve current network/IXP identity at deployment time","https://www.peeringdb.org/","Preference tier, not a performance or safety guarantee."
"TJ","Tajikistan","2","national_ixp","Tajikistan — National or primary Internet Exchange anchor","5","role-anchor","PeeringDB / RIR country resources; resolve current network/IXP identity at deployment time","https://www.peeringdb.org/","Preference tier, not a performance or safety guarantee."
"TJ","Tajikistan","3","regional_carrier","Tajikistan — Regional carrier / upstream ISP anchor","4","role-anchor","PeeringDB / RIR country resources; resolve current network/IXP identity at deployment time","https://www.peeringdb.org/","Preference tier, not a performance or safety guarantee."
"TJ","Tajikistan","4","international_dc","Tajikistan — International carrier / data-center interconnect anchor","4","role-anchor","PeeringDB / RIR country resources; resolve current network/IXP identity at deployment time","https://www.peeringdb.org/","Preference tier, not a performance or safety guarantee."
"TZ","Tanzania, United Republic of","1","national_backbone","Tanzania, United Republic of — National backbone / primary ISP anchor","5","role-anchor","PeeringDB / RIR country resources; resolve current network/IXP identity at deployment time","https://www.peeringdb.org/","Preference tier, not a performance or safety guarantee."
"TZ","Tanzania, United Republic of","2","national_ixp","Tanzania, United Republic of — National or primary Internet Exchange anchor","5","role-anchor","PeeringDB / RIR country resources; resolve current network/IXP identity at deployment time","https://www.peeringdb.org/","Preference tier, not a performance or safety guarantee."
"TZ","Tanzania, United Republic of","3","regional_carrier","Tanzania, United Republic of — Regional carrier / upstream ISP anchor","4","role-anchor","PeeringDB / RIR country resources; resolve current network/IXP identity at deployment time","https://www.peeringdb.org/","Preference tier, not a performance or safety guarantee."
"TZ","Tanzania, United Republic of","4","international_dc","Tanzania, United Republic of — International carrier / data-center interconnect anchor","4","role-anchor","PeeringDB / RIR country resources; resolve current network/IXP identity at deployment time","https://www.peeringdb.org/","Preference tier, not a performance or safety guarantee."
"TH","Thailand","1","national_backbone","Thailand — National backbone / primary ISP anchor","5","role-anchor","PeeringDB / RIR country resources; resolve current network/IXP identity at deployment time","https://www.peeringdb.org/","Preference tier, not a performance or safety guarantee."
"TH","Thailand","2","national_ixp","Thailand — National or primary Internet Exchange anchor","5","role-anchor","PeeringDB / RIR country resources; resolve current network/IXP identity at deployment time","https://www.peeringdb.org/","Preference tier, not a performance or safety guarantee."
"TH","Thailand","3","regional_carrier","Thailand — Regional carrier / upstream ISP anchor","4","role-anchor","PeeringDB / RIR country resources; resolve current network/IXP identity at deployment time","https://www.peeringdb.org/","Preference tier, not a performance or safety guarantee."
"TH","Thailand","4","international_dc","Thailand — International carrier / data-center interconnect anchor","4","role-anchor","PeeringDB / RIR country resources; resolve current network/IXP identity at deployment time","https://www.peeringdb.org/","Preference tier, not a performance or safety guarantee."
"TL","Timor-Leste","1","national_backbone","Timor-Leste — National backbone / primary ISP anchor","5","role-anchor","PeeringDB / RIR country resources; resolve current network/IXP identity at deployment time","https://www.peeringdb.org/","Preference tier, not a performance or safety guarantee."
"TL","Timor-Leste","2","national_ixp","Timor-Leste — National or primary Internet Exchange anchor","5","role-anchor","PeeringDB / RIR country resources; resolve current network/IXP identity at deployment time","https://www.peeringdb.org/","Preference tier, not a performance or safety guarantee."
"TL","Timor-Leste","3","regional_carrier","Timor-Leste — Regional carrier / upstream ISP anchor","4","role-anchor","PeeringDB / RIR country resources; resolve current network/IXP identity at deployment time","https://www.peeringdb.org/","Preference tier, not a performance or safety guarantee."
"TL","Timor-Leste","4","international_dc","Timor-Leste — International carrier / data-center interconnect anchor","4","role-anchor","PeeringDB / RIR country resources; resolve current network/IXP identity at deployment time","https://www.peeringdb.org/","Preference tier, not a performance or safety guarantee."
"TG","Togo","1","national_backbone","Togo — National backbone / primary ISP anchor","5","role-anchor","PeeringDB / RIR country resources; resolve current network/IXP identity at deployment time","https://www.peeringdb.org/","Preference tier, not a performance or safety guarantee."
"TG","Togo","2","national_ixp","Togo — National or primary Internet Exchange anchor","5","role-anchor","PeeringDB / RIR country resources; resolve current network/IXP identity at deployment time","https://www.peeringdb.org/","Preference tier, not a performance or safety guarantee."
"TG","Togo","3","regional_carrier","Togo — Regional carrier / upstream ISP anchor","4","role-anchor","PeeringDB / RIR country resources; resolve current network/IXP identity at deployment time","https://www.peeringdb.org/","Preference tier, not a performance or safety guarantee."
"TG","Togo","4","international_dc","Togo — International carrier / data-center interconnect anchor","4","role-anchor","PeeringDB / RIR country resources; resolve current network/IXP identity at deployment time","https://www.peeringdb.org/","Preference tier, not a performance or safety guarantee."
"TK","Tokelau","1","national_backbone","Tokelau — National backbone / primary ISP anchor","5","role-anchor","PeeringDB / RIR country resources; resolve current network/IXP identity at deployment time","https://www.peeringdb.org/","Preference tier, not a performance or safety guarantee."
"TK","Tokelau","2","national_ixp","Tokelau — National or primary Internet Exchange anchor","5","role-anchor","PeeringDB / RIR country resources; resolve current network/IXP identity at deployment time","https://www.peeringdb.org/","Preference tier, not a performance or safety guarantee."
"TK","Tokelau","3","regional_carrier","Tokelau — Regional carrier / upstream ISP anchor","4","role-anchor","PeeringDB / RIR country resources; resolve current network/IXP identity at deployment time","https://www.peeringdb.org/","Preference tier, not a performance or safety guarantee."
"TK","Tokelau","4","international_dc","Tokelau — International carrier / data-center interconnect anchor","4","role-anchor","PeeringDB / RIR country resources; resolve current network/IXP identity at deployment time","https://www.peeringdb.org/","Preference tier, not a performance or safety guarantee."
"TO","Tonga","1","national_backbone","Tonga — National backbone / primary ISP anchor","5","role-anchor","PeeringDB / RIR country resources; resolve current network/IXP identity at deployment time","https://www.peeringdb.org/","Preference tier, not a performance or safety guarantee."
"TO","Tonga","2","national_ixp","Tonga — National or primary Internet Exchange anchor","5","role-anchor","PeeringDB / RIR country resources; resolve current network/IXP identity at deployment time","https://www.peeringdb.org/","Preference tier, not a performance or safety guarantee."
"TO","Tonga","3","regional_carrier","Tonga — Regional carrier / upstream ISP anchor","4","role-anchor","PeeringDB / RIR country resources; resolve current network/IXP identity at deployment time","https://www.peeringdb.org/","Preference tier, not a performance or safety guarantee."
"TO","Tonga","4","international_dc","Tonga — International carrier / data-center interconnect anchor","4","role-anchor","PeeringDB / RIR country resources; resolve current network/IXP identity at deployment time","https://www.peeringdb.org/","Preference tier, not a performance or safety guarantee."
"TT","Trinidad and Tobago","1","national_backbone","Trinidad and Tobago — National backbone / primary ISP anchor","5","role-anchor","PeeringDB / RIR country resources; resolve current network/IXP identity at deployment time","https://www.peeringdb.org/","Preference tier, not a performance or safety guarantee."
"TT","Trinidad and Tobago","2","national_ixp","Trinidad and Tobago — National or primary Internet Exchange anchor","5","role-anchor","PeeringDB / RIR country resources; resolve current network/IXP identity at deployment time","https://www.peeringdb.org/","Preference tier, not a performance or safety guarantee."
"TT","Trinidad and Tobago","3","regional_carrier","Trinidad and Tobago — Regional carrier / upstream ISP anchor","4","role-anchor","PeeringDB / RIR country resources; resolve current network/IXP identity at deployment time","https://www.peeringdb.org/","Preference tier, not a performance or safety guarantee."
"TT","Trinidad and Tobago","4","international_dc","Trinidad and Tobago — International carrier / data-center interconnect anchor","4","role-anchor","PeeringDB / RIR country resources; resolve current network/IXP identity at deployment time","https://www.peeringdb.org/","Preference tier, not a performance or safety guarantee."
"TN","Tunisia","1","national_backbone","Tunisia — National backbone / primary ISP anchor","5","role-anchor","PeeringDB / RIR country resources; resolve current network/IXP identity at deployment time","https://www.peeringdb.org/","Preference tier, not a performance or safety guarantee."
"TN","Tunisia","2","national_ixp","Tunisia — National or primary Internet Exchange anchor","5","role-anchor","PeeringDB / RIR country resources; resolve current network/IXP identity at deployment time","https://www.peeringdb.org/","Preference tier, not a performance or safety guarantee."
"TN","Tunisia","3","regional_carrier","Tunisia — Regional carrier / upstream ISP anchor","4","role-anchor","PeeringDB / RIR country resources; resolve current network/IXP identity at deployment time","https://www.peeringdb.org/","Preference tier, not a performance or safety guarantee."
"TN","Tunisia","4","international_dc","Tunisia — International carrier / data-center interconnect anchor","4","role-anchor","PeeringDB / RIR country resources; resolve current network/IXP identity at deployment time","https://www.peeringdb.org/","Preference tier, not a performance or safety guarantee."
"TM","Turkmenistan","1","national_backbone","Turkmenistan — National backbone / primary ISP anchor","5","role-anchor","PeeringDB / RIR country resources; resolve current network/IXP identity at deployment time","https://www.peeringdb.org/","Preference tier, not a performance or safety guarantee."
"TM","Turkmenistan","2","national_ixp","Turkmenistan — National or primary Internet Exchange anchor","5","role-anchor","PeeringDB / RIR country resources; resolve current network/IXP identity at deployment time","https://www.peeringdb.org/","Preference tier, not a performance or safety guarantee."
"TM","Turkmenistan","3","regional_carrier","Turkmenistan — Regional carrier / upstream ISP anchor","4","role-anchor","PeeringDB / RIR country resources; resolve current network/IXP identity at deployment time","https://www.peeringdb.org/","Preference tier, not a performance or safety guarantee."
"TM","Turkmenistan","4","international_dc","Turkmenistan — International carrier / data-center interconnect anchor","4","role-anchor","PeeringDB / RIR country resources; resolve current network/IXP identity at deployment time","https://www.peeringdb.org/","Preference tier, not a performance or safety guarantee."
"TC","Turks and Caicos Islands","1","national_backbone","Turks and Caicos Islands — National backbone / primary ISP anchor","5","role-anchor","PeeringDB / RIR country resources; resolve current network/IXP identity at deployment time","https://www.peeringdb.org/","Preference tier, not a performance or safety guarantee."
"TC","Turks and Caicos Islands","2","national_ixp","Turks and Caicos Islands — National or primary Internet Exchange anchor","5","role-anchor","PeeringDB / RIR country resources; resolve current network/IXP identity at deployment time","https://www.peeringdb.org/","Preference tier, not a performance or safety guarantee."
"TC","Turks and Caicos Islands","3","regional_carrier","Turks and Caicos Islands — Regional carrier / upstream ISP anchor","4","role-anchor","PeeringDB / RIR country resources; resolve current network/IXP identity at deployment time","https://www.peeringdb.org/","Preference tier, not a performance or safety guarantee."
"TC","Turks and Caicos Islands","4","international_dc","Turks and Caicos Islands — International carrier / data-center interconnect anchor","4","role-anchor","PeeringDB / RIR country resources; resolve current network/IXP identity at deployment time","https://www.peeringdb.org/","Preference tier, not a performance or safety guarantee."
"TV","Tuvalu","1","national_backbone","Tuvalu — National backbone / primary ISP anchor","5","role-anchor","PeeringDB / RIR country resources; resolve current network/IXP identity at deployment time","https://www.peeringdb.org/","Preference tier, not a performance or safety guarantee."
"TV","Tuvalu","2","national_ixp","Tuvalu — National or primary Internet Exchange anchor","5","role-anchor","PeeringDB / RIR country resources; resolve current network/IXP identity at deployment time","https://www.peeringdb.org/","Preference tier, not a performance or safety guarantee."
"TV","Tuvalu","3","regional_carrier","Tuvalu — Regional carrier / upstream ISP anchor","4","role-anchor","PeeringDB / RIR country resources; resolve current network/IXP identity at deployment time","https://www.peeringdb.org/","Preference tier, not a performance or safety guarantee."
"TV","Tuvalu","4","international_dc","Tuvalu — International carrier / data-center interconnect anchor","4","role-anchor","PeeringDB / RIR country resources; resolve current network/IXP identity at deployment time","https://www.peeringdb.org/","Preference tier, not a performance or safety guarantee."
"TR","Türkiye","1","national_backbone","Türkiye — National backbone / primary ISP anchor","5","role-anchor","PeeringDB / RIR country resources; resolve current network/IXP identity at deployment time","https://www.peeringdb.org/","Preference tier, not a performance or safety guarantee."
"TR","Türkiye","2","national_ixp","Türkiye — National or primary Internet Exchange anchor","5","role-anchor","PeeringDB / RIR country resources; resolve current network/IXP identity at deployment time","https://www.peeringdb.org/","Preference tier, not a performance or safety guarantee."
"TR","Türkiye","3","regional_carrier","Türkiye — Regional carrier / upstream ISP anchor","4","role-anchor","PeeringDB / RIR country resources; resolve current network/IXP identity at deployment time","https://www.peeringdb.org/","Preference tier, not a performance or safety guarantee."
"TR","Türkiye","4","international_dc","Türkiye — International carrier / data-center interconnect anchor","4","role-anchor","PeeringDB / RIR country resources; resolve current network/IXP identity at deployment time","https://www.peeringdb.org/","Preference tier, not a performance or safety guarantee."
"UG","Uganda","1","national_backbone","Uganda — National backbone / primary ISP anchor","5","role-anchor","PeeringDB / RIR country resources; resolve current network/IXP identity at deployment time","https://www.peeringdb.org/","Preference tier, not a performance or safety guarantee."
"UG","Uganda","2","national_ixp","Uganda — National or primary Internet Exchange anchor","5","role-anchor","PeeringDB / RIR country resources; resolve current network/IXP identity at deployment time","https://www.peeringdb.org/","Preference tier, not a performance or safety guarantee."
"UG","Uganda","3","regional_carrier","Uganda — Regional carrier / upstream ISP anchor","4","role-anchor","PeeringDB / RIR country resources; resolve current network/IXP identity at deployment time","https://www.peeringdb.org/","Preference tier, not a performance or safety guarantee."
"UG","Uganda","4","international_dc","Uganda — International carrier / data-center interconnect anchor","4","role-anchor","PeeringDB / RIR country resources; resolve current network/IXP identity at deployment time","https://www.peeringdb.org/","Preference tier, not a performance or safety guarantee."
"UA","Ukraine","1","national_backbone","Ukraine — National backbone / primary ISP anchor","5","role-anchor","PeeringDB / RIR country resources; resolve current network/IXP identity at deployment time","https://www.peeringdb.org/","Preference tier, not a performance or safety guarantee."
"UA","Ukraine","2","national_ixp","Ukraine — National or primary Internet Exchange anchor","5","role-anchor","PeeringDB / RIR country resources; resolve current network/IXP identity at deployment time","https://www.peeringdb.org/","Preference tier, not a performance or safety guarantee."
"UA","Ukraine","3","regional_carrier","Ukraine — Regional carrier / upstream ISP anchor","4","role-anchor","PeeringDB / RIR country resources; resolve current network/IXP identity at deployment time","https://www.peeringdb.org/","Preference tier, not a performance or safety guarantee."
"UA","Ukraine","4","international_dc","Ukraine — International carrier / data-center interconnect anchor","4","role-anchor","PeeringDB / RIR country resources; resolve current network/IXP identity at deployment time","https://www.peeringdb.org/","Preference tier, not a performance or safety guarantee."
"AE","United Arab Emirates","1","national_backbone","United Arab Emirates — National backbone / primary ISP anchor","5","role-anchor","PeeringDB / RIR country resources; resolve current network/IXP identity at deployment time","https://www.peeringdb.org/","Preference tier, not a performance or safety guarantee."
"AE","United Arab Emirates","2","national_ixp","United Arab Emirates — National or primary Internet Exchange anchor","5","role-anchor","PeeringDB / RIR country resources; resolve current network/IXP identity at deployment time","https://www.peeringdb.org/","Preference tier, not a performance or safety guarantee."
"AE","United Arab Emirates","3","regional_carrier","United Arab Emirates — Regional carrier / upstream ISP anchor","4","role-anchor","PeeringDB / RIR country resources; resolve current network/IXP identity at deployment time","https://www.peeringdb.org/","Preference tier, not a performance or safety guarantee."
"AE","United Arab Emirates","4","international_dc","United Arab Emirates — International carrier / data-center interconnect anchor","4","role-anchor","PeeringDB / RIR country resources; resolve current network/IXP identity at deployment time","https://www.peeringdb.org/","Preference tier, not a performance or safety guarantee."
"GB","United Kingdom","1","national_backbone","United Kingdom — National backbone / primary ISP anchor","5","role-anchor","PeeringDB / RIR country resources; resolve current network/IXP identity at deployment time","https://www.peeringdb.org/","Preference tier, not a performance or safety guarantee."
"GB","United Kingdom","2","national_ixp","United Kingdom — National or primary Internet Exchange anchor","5","role-anchor","PeeringDB / RIR country resources; resolve current network/IXP identity at deployment time","https://www.peeringdb.org/","Preference tier, not a performance or safety guarantee."
"GB","United Kingdom","3","regional_carrier","United Kingdom — Regional carrier / upstream ISP anchor","4","role-anchor","PeeringDB / RIR country resources; resolve current network/IXP identity at deployment time","https://www.peeringdb.org/","Preference tier, not a performance or safety guarantee."
"GB","United Kingdom","4","international_dc","United Kingdom — International carrier / data-center interconnect anchor","4","role-anchor","PeeringDB / RIR country resources; resolve current network/IXP identity at deployment time","https://www.peeringdb.org/","Preference tier, not a performance or safety guarantee."
"US","United States","1","national_backbone","United States — National backbone / primary ISP anchor","5","role-anchor","PeeringDB / RIR country resources; resolve current network/IXP identity at deployment time","https://www.peeringdb.org/","Preference tier, not a performance or safety guarantee."
"US","United States","2","national_ixp","United States — National or primary Internet Exchange anchor","5","role-anchor","PeeringDB / RIR country resources; resolve current network/IXP identity at deployment time","https://www.peeringdb.org/","Preference tier, not a performance or safety guarantee."
"US","United States","3","regional_carrier","United States — Regional carrier / upstream ISP anchor","4","role-anchor","PeeringDB / RIR country resources; resolve current network/IXP identity at deployment time","https://www.peeringdb.org/","Preference tier, not a performance or safety guarantee."
"US","United States","4","international_dc","United States — International carrier / data-center interconnect anchor","4","role-anchor","PeeringDB / RIR country resources; resolve current network/IXP identity at deployment time","https://www.peeringdb.org/","Preference tier, not a performance or safety guarantee."
"UM","United States Minor Outlying Islands","1","national_backbone","United States Minor Outlying Islands — National backbone / primary ISP anchor","5","role-anchor","PeeringDB / RIR country resources; resolve current network/IXP identity at deployment time","https://www.peeringdb.org/","Preference tier, not a performance or safety guarantee."
"UM","United States Minor Outlying Islands","2","national_ixp","United States Minor Outlying Islands — National or primary Internet Exchange anchor","5","role-anchor","PeeringDB / RIR country resources; resolve current network/IXP identity at deployment time","https://www.peeringdb.org/","Preference tier, not a performance or safety guarantee."
"UM","United States Minor Outlying Islands","3","regional_carrier","United States Minor Outlying Islands — Regional carrier / upstream ISP anchor","4","role-anchor","PeeringDB / RIR country resources; resolve current network/IXP identity at deployment time","https://www.peeringdb.org/","Preference tier, not a performance or safety guarantee."
"UM","United States Minor Outlying Islands","4","international_dc","United States Minor Outlying Islands — International carrier / data-center interconnect anchor","4","role-anchor","PeeringDB / RIR country resources; resolve current network/IXP identity at deployment time","https://www.peeringdb.org/","Preference tier, not a performance or safety guarantee."
"UY","Uruguay","1","national_backbone","Uruguay — National backbone / primary ISP anchor","5","role-anchor","PeeringDB / RIR country resources; resolve current network/IXP identity at deployment time","https://www.peeringdb.org/","Preference tier, not a performance or safety guarantee."
"UY","Uruguay","2","national_ixp","Uruguay — National or primary Internet Exchange anchor","5","role-anchor","PeeringDB / RIR country resources; resolve current network/IXP identity at deployment time","https://www.peeringdb.org/","Preference tier, not a performance or safety guarantee."
"UY","Uruguay","3","regional_carrier","Uruguay — Regional carrier / upstream ISP anchor","4","role-anchor","PeeringDB / RIR country resources; resolve current network/IXP identity at deployment time","https://www.peeringdb.org/","Preference tier, not a performance or safety guarantee."
"UY","Uruguay","4","international_dc","Uruguay — International carrier / data-center interconnect anchor","4","role-anchor","PeeringDB / RIR country resources; resolve current network/IXP identity at deployment time","https://www.peeringdb.org/","Preference tier, not a performance or safety guarantee."
"UZ","Uzbekistan","1","national_backbone","Uzbekistan — National backbone / primary ISP anchor","5","role-anchor","PeeringDB / RIR country resources; resolve current network/IXP identity at deployment time","https://www.peeringdb.org/","Preference tier, not a performance or safety guarantee."
"UZ","Uzbekistan","2","national_ixp","Uzbekistan — National or primary Internet Exchange anchor","5","role-anchor","PeeringDB / RIR country resources; resolve current network/IXP identity at deployment time","https://www.peeringdb.org/","Preference tier, not a performance or safety guarantee."
"UZ","Uzbekistan","3","regional_carrier","Uzbekistan — Regional carrier / upstream ISP anchor","4","role-anchor","PeeringDB / RIR country resources; resolve current network/IXP identity at deployment time","https://www.peeringdb.org/","Preference tier, not a performance or safety guarantee."
"UZ","Uzbekistan","4","international_dc","Uzbekistan — International carrier / data-center interconnect anchor","4","role-anchor","PeeringDB / RIR country resources; resolve current network/IXP identity at deployment time","https://www.peeringdb.org/","Preference tier, not a performance or safety guarantee."
"VU","Vanuatu","1","national_backbone","Vanuatu — National backbone / primary ISP anchor","5","role-anchor","PeeringDB / RIR country resources; resolve current network/IXP identity at deployment time","https://www.peeringdb.org/","Preference tier, not a performance or safety guarantee."
"VU","Vanuatu","2","national_ixp","Vanuatu — National or primary Internet Exchange anchor","5","role-anchor","PeeringDB / RIR country resources; resolve current network/IXP identity at deployment time","https://www.peeringdb.org/","Preference tier, not a performance or safety guarantee."
"VU","Vanuatu","3","regional_carrier","Vanuatu — Regional carrier / upstream ISP anchor","4","role-anchor","PeeringDB / RIR country resources; resolve current network/IXP identity at deployment time","https://www.peeringdb.org/","Preference tier, not a performance or safety guarantee."
"VU","Vanuatu","4","international_dc","Vanuatu — International carrier / data-center interconnect anchor","4","role-anchor","PeeringDB / RIR country resources; resolve current network/IXP identity at deployment time","https://www.peeringdb.org/","Preference tier, not a performance or safety guarantee."
"VE","Venezuela, Bolivarian Republic of","1","national_backbone","Venezuela, Bolivarian Republic of — National backbone / primary ISP anchor","5","role-anchor","PeeringDB / RIR country resources; resolve current network/IXP identity at deployment time","https://www.peeringdb.org/","Preference tier, not a performance or safety guarantee."
"VE","Venezuela, Bolivarian Republic of","2","national_ixp","Venezuela, Bolivarian Republic of — National or primary Internet Exchange anchor","5","role-anchor","PeeringDB / RIR country resources; resolve current network/IXP identity at deployment time","https://www.peeringdb.org/","Preference tier, not a performance or safety guarantee."
"VE","Venezuela, Bolivarian Republic of","3","regional_carrier","Venezuela, Bolivarian Republic of — Regional carrier / upstream ISP anchor","4","role-anchor","PeeringDB / RIR country resources; resolve current network/IXP identity at deployment time","https://www.peeringdb.org/","Preference tier, not a performance or safety guarantee."
"VE","Venezuela, Bolivarian Republic of","4","international_dc","Venezuela, Bolivarian Republic of — International carrier / data-center interconnect anchor","4","role-anchor","PeeringDB / RIR country resources; resolve current network/IXP identity at deployment time","https://www.peeringdb.org/","Preference tier, not a performance or safety guarantee."
"VN","Viet Nam","1","national_backbone","Viet Nam — National backbone / primary ISP anchor","5","role-anchor","PeeringDB / RIR country resources; resolve current network/IXP identity at deployment time","https://www.peeringdb.org/","Preference tier, not a performance or safety guarantee."
"VN","Viet Nam","2","national_ixp","Viet Nam — National or primary Internet Exchange anchor","5","role-anchor","PeeringDB / RIR country resources; resolve current network/IXP identity at deployment time","https://www.peeringdb.org/","Preference tier, not a performance or safety guarantee."
"VN","Viet Nam","3","regional_carrier","Viet Nam — Regional carrier / upstream ISP anchor","4","role-anchor","PeeringDB / RIR country resources; resolve current network/IXP identity at deployment time","https://www.peeringdb.org/","Preference tier, not a performance or safety guarantee."
"VN","Viet Nam","4","international_dc","Viet Nam — International carrier / data-center interconnect anchor","4","role-anchor","PeeringDB / RIR country resources; resolve current network/IXP identity at deployment time","https://www.peeringdb.org/","Preference tier, not a performance or safety guarantee."
"VG","Virgin Islands, British","1","national_backbone","Virgin Islands, British — National backbone / primary ISP anchor","5","role-anchor","PeeringDB / RIR country resources; resolve current network/IXP identity at deployment time","https://www.peeringdb.org/","Preference tier, not a performance or safety guarantee."
"VG","Virgin Islands, British","2","national_ixp","Virgin Islands, British — National or primary Internet Exchange anchor","5","role-anchor","PeeringDB / RIR country resources; resolve current network/IXP identity at deployment time","https://www.peeringdb.org/","Preference tier, not a performance or safety guarantee."
"VG","Virgin Islands, British","3","regional_carrier","Virgin Islands, British — Regional carrier / upstream ISP anchor","4","role-anchor","PeeringDB / RIR country resources; resolve current network/IXP identity at deployment time","https://www.peeringdb.org/","Preference tier, not a performance or safety guarantee."
"VG","Virgin Islands, British","4","international_dc","Virgin Islands, British — International carrier / data-center interconnect anchor","4","role-anchor","PeeringDB / RIR country resources; resolve current network/IXP identity at deployment time","https://www.peeringdb.org/","Preference tier, not a performance or safety guarantee."
"VI","Virgin Islands, U.S.","1","national_backbone","Virgin Islands, U.S. — National backbone / primary ISP anchor","5","role-anchor","PeeringDB / RIR country resources; resolve current network/IXP identity at deployment time","https://www.peeringdb.org/","Preference tier, not a performance or safety guarantee."
"VI","Virgin Islands, U.S.","2","national_ixp","Virgin Islands, U.S. — National or primary Internet Exchange anchor","5","role-anchor","PeeringDB / RIR country resources; resolve current network/IXP identity at deployment time","https://www.peeringdb.org/","Preference tier, not a performance or safety guarantee."
"VI","Virgin Islands, U.S.","3","regional_carrier","Virgin Islands, U.S. — Regional carrier / upstream ISP anchor","4","role-anchor","PeeringDB / RIR country resources; resolve current network/IXP identity at deployment time","https://www.peeringdb.org/","Preference tier, not a performance or safety guarantee."
"VI","Virgin Islands, U.S.","4","international_dc","Virgin Islands, U.S. — International carrier / data-center interconnect anchor","4","role-anchor","PeeringDB / RIR country resources; resolve current network/IXP identity at deployment time","https://www.peeringdb.org/","Preference tier, not a performance or safety guarantee."
"WF","Wallis and Futuna","1","national_backbone","Wallis and Futuna — National backbone / primary ISP anchor","5","role-anchor","PeeringDB / RIR country resources; resolve current network/IXP identity at deployment time","https://www.peeringdb.org/","Preference tier, not a performance or safety guarantee."
"WF","Wallis and Futuna","2","national_ixp","Wallis and Futuna — National or primary Internet Exchange anchor","5","role-anchor","PeeringDB / RIR country resources; resolve current network/IXP identity at deployment time","https://www.peeringdb.org/","Preference tier, not a performance or safety guarantee."
"WF","Wallis and Futuna","3","regional_carrier","Wallis and Futuna — Regional carrier / upstream ISP anchor","4","role-anchor","PeeringDB / RIR country resources; resolve current network/IXP identity at deployment time","https://www.peeringdb.org/","Preference tier, not a performance or safety guarantee."
"WF","Wallis and Futuna","4","international_dc","Wallis and Futuna — International carrier / data-center interconnect anchor","4","role-anchor","PeeringDB / RIR country resources; resolve current network/IXP identity at deployment time","https://www.peeringdb.org/","Preference tier, not a performance or safety guarantee."
"EH","Western Sahara","1","national_backbone","Western Sahara — National backbone / primary ISP anchor","5","role-anchor","PeeringDB / RIR country resources; resolve current network/IXP identity at deployment time","https://www.peeringdb.org/","Preference tier, not a performance or safety guarantee."
"EH","Western Sahara","2","national_ixp","Western Sahara — National or primary Internet Exchange anchor","5","role-anchor","PeeringDB / RIR country resources; resolve current network/IXP identity at deployment time","https://www.peeringdb.org/","Preference tier, not a performance or safety guarantee."
"EH","Western Sahara","3","regional_carrier","Western Sahara — Regional carrier / upstream ISP anchor","4","role-anchor","PeeringDB / RIR country resources; resolve current network/IXP identity at deployment time","https://www.peeringdb.org/","Preference tier, not a performance or safety guarantee."
"EH","Western Sahara","4","international_dc","Western Sahara — International carrier / data-center interconnect anchor","4","role-anchor","PeeringDB / RIR country resources; resolve current network/IXP identity at deployment time","https://www.peeringdb.org/","Preference tier, not a performance or safety guarantee."
"YE","Yemen","1","national_backbone","Yemen — National backbone / primary ISP anchor","5","role-anchor","PeeringDB / RIR country resources; resolve current network/IXP identity at deployment time","https://www.peeringdb.org/","Preference tier, not a performance or safety guarantee."
"YE","Yemen","2","national_ixp","Yemen — National or primary Internet Exchange anchor","5","role-anchor","PeeringDB / RIR country resources; resolve current network/IXP identity at deployment time","https://www.peeringdb.org/","Preference tier, not a performance or safety guarantee."
"YE","Yemen","3","regional_carrier","Yemen — Regional carrier / upstream ISP anchor","4","role-anchor","PeeringDB / RIR country resources; resolve current network/IXP identity at deployment time","https://www.peeringdb.org/","Preference tier, not a performance or safety guarantee."
"YE","Yemen","4","international_dc","Yemen — International carrier / data-center interconnect anchor","4","role-anchor","PeeringDB / RIR country resources; resolve current network/IXP identity at deployment time","https://www.peeringdb.org/","Preference tier, not a performance or safety guarantee."
"ZM","Zambia","1","national_backbone","Zambia — National backbone / primary ISP anchor","5","role-anchor","PeeringDB / RIR country resources; resolve current network/IXP identity at deployment time","https://www.peeringdb.org/","Preference tier, not a performance or safety guarantee."
"ZM","Zambia","2","national_ixp","Zambia — National or primary Internet Exchange anchor","5","role-anchor","PeeringDB / RIR country resources; resolve current network/IXP identity at deployment time","https://www.peeringdb.org/","Preference tier, not a performance or safety guarantee."
"ZM","Zambia","3","regional_carrier","Zambia — Regional carrier / upstream ISP anchor","4","role-anchor","PeeringDB / RIR country resources; resolve current network/IXP identity at deployment time","https://www.peeringdb.org/","Preference tier, not a performance or safety guarantee."
"ZM","Zambia","4","international_dc","Zambia — International carrier / data-center interconnect anchor","4","role-anchor","PeeringDB / RIR country resources; resolve current network/IXP identity at deployment time","https://www.peeringdb.org/","Preference tier, not a performance or safety guarantee."
"ZW","Zimbabwe","1","national_backbone","Zimbabwe — National backbone / primary ISP anchor","5","role-anchor","PeeringDB / RIR country resources; resolve current network/IXP identity at deployment time","https://www.peeringdb.org/","Preference tier, not a performance or safety guarantee."
"ZW","Zimbabwe","2","national_ixp","Zimbabwe — National or primary Internet Exchange anchor","5","role-anchor","PeeringDB / RIR country resources; resolve current network/IXP identity at deployment time","https://www.peeringdb.org/","Preference tier, not a performance or safety guarantee."
"ZW","Zimbabwe","3","regional_carrier","Zimbabwe — Regional carrier / upstream ISP anchor","4","role-anchor","PeeringDB / RIR country resources; resolve current network/IXP identity at deployment time","https://www.peeringdb.org/","Preference tier, not a performance or safety guarantee."
"ZW","Zimbabwe","4","international_dc","Zimbabwe — International carrier / data-center interconnect anchor","4","role-anchor","PeeringDB / RIR country resources; resolve current network/IXP identity at deployment time","https://www.peeringdb.org/","Preference tier, not a performance or safety guarantee."
"AX","Åland Islands","1","national_backbone","Åland Islands — National backbone / primary ISP anchor","5","role-anchor","PeeringDB / RIR country resources; resolve current network/IXP identity at deployment time","https://www.peeringdb.org/","Preference tier, not a performance or safety guarantee."
"AX","Åland Islands","2","national_ixp","Åland Islands — National or primary Internet Exchange anchor","5","role-anchor","PeeringDB / RIR country resources; resolve current network/IXP identity at deployment time","https://www.peeringdb.org/","Preference tier, not a performance or safety guarantee."
"AX","Åland Islands","3","regional_carrier","Åland Islands — Regional carrier / upstream ISP anchor","4","role-anchor","PeeringDB / RIR country resources; resolve current network/IXP identity at deployment time","https://www.peeringdb.org/","Preference tier, not a performance or safety guarantee."
"AX","Åland Islands","4","international_dc","Åland Islands — International carrier / data-center interconnect anchor","4","role-anchor","PeeringDB / RIR country resources; resolve current network/IXP identity at deployment time","https://www.peeringdb.org/","Preference tier, not a performance or safety guarantee."
